emp_code,first_name,middle_name,last_name,address,role,manager,login,user_role,password,email,biz_zone,,,,,
Asif Iqbal,Asif Iqbal,,,,ED,,ED,National,12345,ED@test.com,,,,,,
Abid Hossain Khan,Abid Hossain Khan,,,,AGM-A,Asif Iqbal,AGM-A,PL,12345,AGM-A@test.com,,,,,,
Joynal Abedin,Joynal Abedin,,,,Sr.Mgr-A,Abid Hossain Khan,Sr.Mgr-A,PL,12345,Sr.Mgr-A@test.com,,,,,,
blank(PL-A(Dhaka East)),blank(PL-A(Dhaka East)),,,,Dy-Mgr-A,Joynal Abedin,PL-A(Dhaka East),Wing,12345,PL-A(Dhaka East)@test.com,PL-A(Dhaka East),,,,,
blank(PL-A(Dhaka West)),blank(PL-A(Dhaka West)),,,,Dy-Mgr-A,Joynal Abedin,PL-A(Dhaka West),Wing,12345,PL-A(Dhaka West)@test.com,PL-A(Dhaka West),,,,,
blank(PL-A(Ctg Wing)),blank(PL-A(Ctg Wing)),,,,Dy-Mgr-A,Joynal Abedin,PL-A(Ctg Wing),Wing,12345,PL-A(Ctg Wing)@test.com,PL-A(Ctg Wing),,,,,
blank(PL-A(Comilla Wing)),blank(PL-A(Comilla Wing)),,,,Dy-Mgr-A,Joynal Abedin,PL-A(Comilla Wing),Wing,12345,PL-A(Comilla Wing)@test.com,PL-A(Comilla Wing),,,,,
Nazrul Islam,Nazrul Islam,,,,Dy-Mgr-A,Joynal Abedin,Sylhet_wing,Wing,12345,Sylhet_wing@test.com,Sylhet_wing,,,,,
blank(PL-A(North Bengal)),blank(PL-A(North Bengal)),,,,Dy-Mgr-A,Joynal Abedin,PL-A(North Bengal),Wing,12345,PL-A(North Bengal)@test.com,PL-A(North Bengal),,,,,
blank(PL-A(South Bengal)),blank(PL-A(South Bengal)),,,,Dy-Mgr-A,Joynal Abedin,PL-A(South Bengal),Wing,12345,PL-A(South Bengal)@test.com,PL-A(South Bengal),,,,,
Blank(Narayanganj[Div](A)),Blank(Narayanganj[Div](A)),,,,Asst.-Manager-A,blank(PL-A(Dhaka East)),Narayanganj[Div](A),Division,12345,Narayanganj[Div](A)@test.com,Narayanganj[Div](A),,,,,
Rafiqul Islam Masud,Rafiqul Islam Masud,,,,Asst.-Manager-A,blank(PL-A(Dhaka East)),Dhaka South[Div](A),Division,12345,Dhaka South[Div](A)@test.com,Dhaka South[Div](A),,,,,
Kamrul Hossain,Kamrul Hossain,,,,Asst.-Manager-A,blank(PL-A(Dhaka East)),Dhaka North[Div](A),Division,12345,Dhaka North[Div](A)@test.com,Dhaka North[Div](A),,,,,
Motahar Hossain,Motahar Hossain,,,,Asst.-Manager-A,blank(PL-A(Dhaka West)),Dhaka Metro[Div](A),Division,12345,Dhaka Metro[Div](A)@test.com,Dhaka Metro[Div](A),,,,,
S.M Ali Hossain,S.M Ali Hossain,,,, DSM-A,blank(PL-A(Dhaka West)),Gazipur[Div](A),Division,12345,Gazipur[Div](A)@test.com,Gazipur[Div](A),,,,,
Imam Uddin ,Imam Uddin ,,,,Asst.-Manager-A,blank(PL-A(Dhaka West)),Mymensingh[Div](A),Division,12345,Mymensingh[Div](A)@test.com,Mymensingh[Div](A),,,,,
Blank(Chittagong-1[Div](A)),Blank(Chittagong-1[Div](A)),,,, DSM-A,blank(PL-A(Ctg Wing)),Chittagong-1[Div](A),Division,12345,Chittagong-1[Div](A)@test.com,Chittagong-1[Div](A),,,,,
Reazul Karim,Reazul Karim,,,, DSM-A,blank(PL-A(Ctg Wing)),Chittagong-2[Div](A),Division,12345,Chittagong-2[Div](A)@test.com,Chittagong-2[Div](A),,,,,
Mr. Ashraful Alam (Repon),Mr. Ashraful Alam (Repon),,,, DSM-A,blank(PL-A(Comilla Wing)),Noakhali[Div](A),Division,12345,Noakhali[Div](A)@test.com,Noakhali[Div](A),,,,,
Blank(Comilla[Div](A)),Blank(Comilla[Div](A)),,,, DSM-A,blank(PL-A(Comilla Wing)),Comilla[Div](A),Division,12345,Comilla[Div](A)@test.com,Comilla[Div](A),,,,,
Nazrul Islam(Div),Nazrul Islam,,,,Dy-Mgr-A,Nazrul Islam,Sylhet[Div](A),Division,12345,Sylhet[Div](A)@test.com,Sylhet[Div](A),,,,,
Asaduzzaman(Rangpur),Asaduzzaman(Rangpur),,,,Asst.-Manager-A,blank(PL-A(North Bengal)),Rangpur[Div](A),Division,12345,Rangpur[Div](A)@test.com,Rangpur[Div](A),,,,,
Asaduzzaman(Bogra),Asaduzzaman(Bogra),,,,Asst.-Manager-A,blank(PL-A(North Bengal)),Bogra[Div](A),Division,12345,Bogra[Div](A)@test.com,Bogra[Div](A),,,,,
Mr. Jahangir Razib,Mr. Jahangir Razib,,,, DSM-A,blank(PL-A(South Bengal)),Khulna[Div](A),Division,12345,Khulna[Div](A)@test.com,Khulna[Div](A),,,,,
Mr. Kafil Uddin,Mr. Kafil Uddin,,,, DSM-A,blank(PL-A(South Bengal)),Barisal[Div](A),Division,12345,Barisal[Div](A)@test.com,Barisal[Div](A),,,,,
S.M Tawfiqul Islam,S.M Tawfiqul Islam,,,,RM-A,Blank(Narayanganj[Div](A)),Narayangonj[Reg](A),Region,12345,Narayangonj[Reg](A)@test.com,Narayangonj[Reg](A),,,,,
Sohel Rana,Sohel Rana,,,,RI-A,Blank(Narayanganj[Div](A)),Narshingdi[Reg](A),Region,12345,Narshingdi[Reg](A)@test.com,Narshingdi[Reg](A),,,,,
Tusher Kanti,Tusher Kanti,,,,RM-A,Rafiqul Islam Masud,Khilgaon[Reg](A),Region,12345,Khilgaon[Reg](A)@test.com,Khilgaon[Reg](A),,,,,
Mr. Kazi Imran,Mr. Kazi Imran,,,,RI-A,Rafiqul Islam Masud,Jatrabari[Reg](A),Region,12345,Jatrabari[Reg](A)@test.com,Jatrabari[Reg](A),,,,,
Mehadi Hasan Sajal,Mehadi Hasan Sajal,,,,RM-A,Kamrul Hossain,Gulshan[Reg](A),Region,12345,Gulshan[Reg](A)@test.com,Gulshan[Reg](A),,,,,
Md. Rashedul Islam,Md. Rashedul Islam,,,,RM-A,Kamrul Hossain,Uttara[Reg](A),Region,12345,Uttara[Reg](A)@test.com,Uttara[Reg](A),,,,,
Mr. Kabir Ahammed,Mr. Kabir Ahammed,,,,RM-A,Motahar Hossain,Mirpur[Reg](A),Region,12345,Mirpur[Reg](A)@test.com,Mirpur[Reg](A),,,,,
Asraful Islam Babon,Asraful Islam Babon,,,,RI-A,Motahar Hossain,Mohammadpur[Reg](A),Region,12345,Mohammadpur[Reg](A)@test.com,Mohammadpur[Reg](A),,,,,
blank(Lalbag[Reg](A)),blank(Lalbag[Reg](A)),,,,RI-A,Motahar Hossain,Lalbag[Reg](A),Region,12345,Lalbag[Reg](A)@test.com,Lalbag[Reg](A),,,,,
Nasiruddin(Gazipur[Reg](A)),Nasiruddin(Gazipur[Reg](A)),,,,RI-A,S.M Ali Hossain,Gazipur[Reg](A),Region,12345,Gazipur[Reg](A)@test.com,Gazipur[Reg](A),,,,,
Reazul Haque,Reazul Haque,,,,RM-A,S.M Ali Hossain,Savar[Reg](A),Region,12345,Savar[Reg](A)@test.com,Savar[Reg](A),,,,,
Tariqul Islam(Mymensingh[Reg](A)),Tariqul Islam(Mymensingh[Reg](A)),,,,RM-A,Imam Uddin ,Mymensingh[Reg](A),Region,12345,Mymensingh[Reg](A)@test.com,Mymensingh[Reg](A),,,,,
Mehfuz Kamal Bhuiyan,Mehfuz Kamal Bhuiyan,,,,RM-A,Imam Uddin ,Tangail[Reg](A),Region,12345,Tangail[Reg](A)@test.com,Tangail[Reg](A),,,,,
Belayet Hossain,Belayet Hossain,,,,RI-A,Blank(Chittagong-1[Div](A)),Ctg. North[Reg](A),Region,12345,Ctg. North[Reg](A)@test.com,Ctg. North[Reg](A),,,,,
Nazmul Hassan,Nazmul Hassan,,,,RI-A,Blank(Chittagong-1[Div](A)),Potiya[Reg](A),Region,12345,Potiya[Reg](A)@test.com,Potiya[Reg](A),,,,,
Md. Nurul Islam,Md. Nurul Islam,,,,RI-A,Blank(Chittagong-1[Div](A)),Cox's Bazar[Reg](A),Region,12345,Cox's Bazar[Reg](A)@test.com,Cox's Bazar[Reg](A),,,,,
Abul Kashem,Abul Kashem,,,,RM-A,Reazul Karim,Ctg. Metro[Reg](A),Region,12345,Ctg. Metro[Reg](A)@test.com,Ctg. Metro[Reg](A),,,,,
Mr. Obaydullah,Mr. Obaydullah,,,,RI-A,Reazul Karim,Hathazari[Reg](A),Region,12345,Hathazari[Reg](A)@test.com,Hathazari[Reg](A),,,,,
Md. Nurul Huda,Md. Nurul Huda,,,,RI-A,Reazul Karim,Direct Party[Reg](A),Region,12345,Direct Party[Reg](A)@test.com,Direct Party[Reg](A),,,,,
Mr. Biton Gosh,Mr. Biton Gosh,,,,RM-A,Mr. Ashraful Alam (Repon),Noakhali[Reg](A),Region,12345,Noakhali[Reg](A)@test.com,Noakhali[Reg](A),,,,,
Mr. Murad Hossain,Mr. Murad Hossain,,,,RI-A,Mr. Ashraful Alam (Repon),Feni[Reg](A),Region,12345,Feni[Reg](A)@test.com,Feni[Reg](A),,,,,
 Elyas Bhuiyan, Elyas Bhuiyan,,,,RM-A,Blank(Comilla[Div](A)),Comilla[Reg](A),Region,12345,Comilla[Reg](A)@test.com,Comilla[Reg](A),,,,,
Mr. Kamruzzaman,Mr. Kamruzzaman,,,,RM-A,Blank(Comilla[Div](A)),Chandpur[Reg](A),Region,12345,Chandpur[Reg](A)@test.com,Chandpur[Reg](A),,,,,
 Hayatun Nobi Majumder, Hayatun Nobi Majumder,,,,RI-A,Blank(Comilla[Div](A)),B. Baria[Reg](A),Region,12345,B. Baria[Reg](A)@test.com,B. Baria[Reg](A),,,,,
Mr. Ataur Rahman,Mr. Ataur Rahman,,,,RM-A,Nazrul Islam,Sylhet North[Reg](A),Region,12345,Sylhet North[Reg](A)@test.com,Sylhet North[Reg](A),,,,,
Faruk Hossain,Faruk Hossain,,,,RI-A,Nazrul Islam,Sylhet South[Reg](A),Region,12345,Sylhet South[Reg](A)@test.com,Sylhet South[Reg](A),,,,,
Mirza Md. Shirajul Islam(Sreemangal[Reg](A)),Mirza Md. Shirajul Islam(Sreemangal[Reg](A)),,,,RI-A,Nazrul Islam,Sreemangal[Reg](A),Region,12345,Sreemangal[Reg](A)@test.com,Sreemangal[Reg](A),,,,,
Azhar Kamal Siddiqui,Azhar Kamal Siddiqui,,,,RI-A,Asaduzzaman(Rangpur),Rangpur[Reg](A),Region,12345,Rangpur[Reg](A)@test.com,Rangpur[Reg](A),,,,,
blank(Dinajpur[Reg](A)),blank(Dinajpur[Reg](A)),,,,RI-A,Asaduzzaman(Rangpur),Dinajpur[Reg](A),Region,12345,Dinajpur[Reg](A)@test.com,Dinajpur[Reg](A),,,,,
Maruf Hossain(Bogra[Reg](A)),Maruf Hossain(Bogra[Reg](A)),,,,RM-A,Asaduzzaman(Bogra),Bogra[Reg](A),Region,12345,Bogra[Reg](A)@test.com,Bogra[Reg](A),,,,,
Mr. Faizul Haque,Mr. Faizul Haque,,,,RI-A,Asaduzzaman(Bogra),Rajshahi[Reg](A),Region,12345,Rajshahi[Reg](A)@test.com,Rajshahi[Reg](A),,,,,
Ripon Baidya,Ripon Baidya,,,,RI-A,Mr. Jahangir Razib,Khulna[Reg](A),Region,12345,Khulna[Reg](A)@test.com,Khulna[Reg](A),,,,,
Bikash Kumar Das,Bikash Kumar Das,,,,RM-A,Mr. Jahangir Razib,Jessore[Reg](A),Region,12345,Jessore[Reg](A)@test.com,Jessore[Reg](A),,,,,
Tariqul Islam(Barisal[Reg](A)),Tariqul Islam(Barisal[Reg](A)),,,,RI-A,Mr. Kafil Uddin,Barisal[Reg](A),Region,12345,Barisal[Reg](A)@test.com,Barisal[Reg](A),,,,,
Asaduzzaman(Potuakhali[Reg](A)),Asaduzzaman(Potuakhali[Reg](A)),,,,TM-A,Mr. Kafil Uddin,Potuakhali[Reg](A),Region,12345,Potuakhali[Reg](A)@test.com,Potuakhali[Reg](A),,,,,
Mr. Sugit Biswas,Mr. Sugit Biswas,,,,RI-A,Mr. Kafil Uddin,Faridpur[Reg](A),Region,12345,Faridpur[Reg](A)@test.com,Faridpur[Reg](A),,,,,
Blank(Narayangonj[Terr](A)),Blank(Narayangonj[Terr](A)),,,,Blank,S.M Tawfiqul Islam,Narayangonj[Terr](A),Territory,12345,Narayangonj[Terr](A)@test.com,Narayangonj[Terr](A),,,,,
Blank(Bondor[Terr](A)),Blank(Bondor[Terr](A)),,,,Blank,S.M Tawfiqul Islam,Bondor[Terr](A),Territory,12345,Bondor[Terr](A)@test.com,Bondor[Terr](A),,,,,
Monjur Alam,Monjur Alam,,,,ZSO-A,S.M Tawfiqul Islam,Fatulla[Terr](A),Territory,12345,Fatulla[Terr](A)@test.com,Fatulla[Terr](A),,,,,
Shumon ur Rahman,Shumon ur Rahman,,,,TSO-A,S.M Tawfiqul Islam,Adamjee[Terr](A),Territory,12345,Adamjee[Terr](A)@test.com,Adamjee[Terr](A),,,,,
Blank(Demra[Terr](A)),Blank(Demra[Terr](A)),,,,Blank,S.M Tawfiqul Islam,Demra[Terr](A),Territory,12345,Demra[Terr](A)@test.com,Demra[Terr](A),,,,,
Abu Nayeem,Abu Nayeem,,,,TSO-A,S.M Tawfiqul Islam,Sonargaon[Terr](A),Territory,12345,Sonargaon[Terr](A)@test.com,Sonargaon[Terr](A),,,,,
Musa Kalimulla,Musa Kalimulla,,,,TSO-A,Sohel Rana,Narshingdi[Terr](A),Territory,12345,Narshingdi[Terr](A)@test.com,Narshingdi[Terr](A),,,,,
Bijon Chakrabarti,Bijon Chakrabarti,,,,TM-A,Sohel Rana,Bhairab[Terr](A),Territory,12345,Bhairab[Terr](A)@test.com,Bhairab[Terr](A),,,,,
blank(Kishoreganj[Terr](A)),blank(Kishoreganj[Terr](A)),,,,Blank,Sohel Rana,Kishoreganj[Terr](A),Territory,12345,Kishoreganj[Terr](A)@test.com,Kishoreganj[Terr](A),,,,,
blank(Rupgonj[Terr](A)),blank(Rupgonj[Terr](A)),,,,Blank,Sohel Rana,Rupgonj[Terr](A),Territory,12345,Rupgonj[Terr](A)@test.com,Rupgonj[Terr](A),,,,,
Md. Taifiqur Rahman,Md. Taifiqur Rahman,,,,TM-A,Tusher Kanti,Fakirapul [Terr] (A),Territory,12345,Fakirapul [Terr] (A)@test.com,Fakirapul [Terr] (A),,,,,
Md. Akhter Arefin Hossain,Md. Akhter Arefin Hossain,,,,TSO-A,Tusher Kanti,Khilgaon [Terr] (A),Territory,12345,Khilgaon [Terr] (A)@test.com,Khilgaon [Terr] (A),,,,,
blank(Mowlovi Bazar[Terr](A)),blank(Mowlovi Bazar[Terr](A)),,,,Blank,Tusher Kanti,Mowlovi Bazar[Terr](A),Territory,12345,Mowlovi Bazar[Terr](A)@test.com,Mowlovi Bazar[Terr](A),,,,,
blank(Basabo[Terr](A)),blank(Basabo[Terr](A)),,,,Blank,Tusher Kanti,Basabo [Terr] (A),Territory,12345,Basabo [Terr] (A)@test.com,Basabo [Terr] (A),,,,,
Md. Amjad Hossain,Md. Amjad Hossain,,,,ZSO-A,Tusher Kanti,Kaptan Bazar[Terr](A),Territory,12345,Kaptan Bazar[Terr](A)@test.com,Kaptan Bazar[Terr](A),,,,,
blank(Jatrabari[Terr](A)),blank(Jatrabari[Terr](A)),,,,Blank,Mr. Kazi Imran,Jatrabari[Terr](A),Territory,12345,Jatrabari[Terr](A)@test.com,Jatrabari[Terr](A),,,,,
Ashikur Rahman,Ashikur Rahman,,,,TM-A,Mr. Kazi Imran,Jurain[Terr](A),Territory,12345,Jurain[Terr](A)@test.com,Jurain[Terr](A),,,,,
blank(Gendaria[Terr](A)),blank(Gendaria[Terr](A)),,,,Blank,Mr. Kazi Imran,Gendaria[Terr](A),Territory,12345,Gendaria[Terr](A)@test.com,Gendaria[Terr](A),,,,,
blank(Sreenagar[Terr](A)),blank(Sreenagar[Terr](A)),,,,Blank,Mr. Kazi Imran,Sreenagar[Terr](A),Territory,12345,Sreenagar[Terr](A)@test.com,Sreenagar[Terr](A),,,,,
blank(Nababgonj[Terr](A)),blank(Nababgonj[Terr](A)),,,,Blank,Mr. Kazi Imran,Nababgonj[Terr](A),Territory,12345,Nababgonj[Terr](A)@test.com,Nababgonj[Terr](A),,,,,
Rokonuzzaman Bhy.,Rokonuzzaman Bhy.,,,,TSO-A,Mr. Kazi Imran,Zinzira[Terr](A),Territory,12345,Zinzira[Terr](A)@test.com,Zinzira[Terr](A),,,,,
blank(Mohakhali[Terr](A)),blank(Mohakhali[Terr](A)),,,,Blank,Mehadi Hasan Sajal,Mohakhali[Terr](A),Territory,12345,Mohakhali[Terr](A)@test.com,Mohakhali[Terr](A),,,,,
Debashish Baidya,Debashish Baidya,,,,TM-A,Mehadi Hasan Sajal,Gulshan[Terr](A),Territory,12345,Gulshan[Terr](A)@test.com,Gulshan[Terr](A),,,,,
Minarul Hossain,Minarul Hossain,,,,TM-A,Mehadi Hasan Sajal,Badda[Terr](A),Territory,12345,Badda[Terr](A)@test.com,Badda[Terr](A),,,,,
Kamruzzaman ,Kamruzzaman ,,,,TSO-A,Mehadi Hasan Sajal,Kawran Bazar[Terr](A),Territory,12345,Kawran Bazar[Terr](A)@test.com,Kawran Bazar[Terr](A),,,,,
Mahmudul Islam,Mahmudul Islam,,,,TM-A,Mehadi Hasan Sajal,Malibagh[Terr](A),Territory,12345,Malibagh[Terr](A)@test.com,Malibagh[Terr](A),,,,,
blank(Khilkhet[Terr](A)),blank(Khilkhet[Terr](A)),,,,Blank,Md. Rashedul Islam,Khilkhet[Terr](A),Territory,12345,Khilkhet[Terr](A)@test.com,Khilkhet[Terr](A),,,,,
blank(Dakkhin Khan[Terr](A)),blank(Dakkhin Khan[Terr](A)),,,,Blank,Md. Rashedul Islam,Dakkhin_Khan[terr](A),Territory,12345,Dakkhin_Khan[terr](A)@test.com,Dakkhin_Khan[terr](A),,,,,
Masud Rana,Masud Rana,,,,TSO-A,Md. Rashedul Islam,Uttara[Terr](A),Territory,12345,Uttara[Terr](A)@test.com,Uttara[Terr](A),,,,,
Shahidul Islam TM,Shahidul Islam TM,,,,TM-A,Md. Rashedul Islam,Tongi[Terr](A),Territory,12345,Tongi[Terr](A)@test.com,Tongi[Terr](A),,,,,
blank(Mirer Bazar[Terr](A)),blank(Mirer Bazar[Terr](A)),,,,Blank,Md. Rashedul Islam,Mirer Bazar[Terr](A),Territory,12345,Mirer Bazar[Terr](A)@test.com,Mirer Bazar[Terr](A),,,,,
Abdus Salam,Abdus Salam,,,,TM-A,Mr. Kabir Ahammed,Mirpur-1[Terr](A),Territory,12345,Mirpur-1[Terr](A)@test.com,Mirpur-1[Terr](A),,,,,
blank(Mirpur-2[Terr](A)),blank(Mirpur-2[Terr](A)),,,,Blank,Mr. Kabir Ahammed,Mirpur-2[Terr](A),Territory,12345,Mirpur-2[Terr](A)@test.com,Mirpur-2[Terr](A),,,,,
blank(Pallobi[Terr](A)),blank(Pallobi[Terr](A)),,,,Blank,Mr. Kabir Ahammed,Pallobi[Terr](A),Territory,12345,Pallobi[Terr](A)@test.com,Pallobi[Terr](A),,,,,
blank(Kachukhet[Terr](A)),blank(Kachukhet[Terr](A)),,,,Blank,Mr. Kabir Ahammed,Kachukhet[Terr](A),Territory,12345,Kachukhet[Terr](A)@test.com,Kachukhet[Terr](A),,,,,
blank(Dhamalkot[Terr](A)),blank(Dhamalkot[Terr](A)),,,,Blank,Mr. Kabir Ahammed,Dhamalkot[Terr](A),Territory,12345,Dhamalkot[Terr](A)@test.com,Dhamalkot[Terr](A),,,,,
blank(Mohammadpur[Terr](A)),blank(Mohammadpur[Terr](A)),,,,Blank,Asraful Islam Babon,Mohammadpur[Terr](A),Territory,12345,Mohammadpur[Terr](A)@test.com,Mohammadpur[Terr](A),,,,,
Mr.Kader Ali,Mr.Kader Ali,,,,ZSO-A,Asraful Islam Babon,Dhanmondi[Terr](A),Territory,12345,Dhanmondi[Terr](A)@test.com,Dhanmondi[Terr](A),,,,,
blank(New Market[Terr](A)),blank(New Market[Terr](A)),,,,Blank,Asraful Islam Babon,New Market[Terr](A),Territory,12345,New Market[Terr](A)@test.com,New Market[Terr](A),,,,,
blank(Krishi Market[Terr](A)),blank(Krishi Market[Terr](A)),,,,Blank,Asraful Islam Babon,Krishi_Market_[terr]_(A),Territory,12345,Krishi_Market_[terr]_(A)@test.com,Krishi_Market_[terr]_(A),,,,,
Mr.Uddipon Sikder,Mr.Uddipon Sikder,,,,TSO-A,blank(Lalbag[Reg](A)),Lalbag[Terr](A),Territory,12345,Lalbag[Terr](A)@test.com,Lalbag[Terr](A),,,,,
blank(Kamrangirchor[Terr](A)),blank(Kamrangirchor[Terr](A)),,,,Blank,blank(Lalbag[Reg](A)),Kamrangirchor[Terr](A),Territory,12345,Kamrangirchor[Terr](A)@test.com,Kamrangirchor[Terr](A),,,,,
blank(Gazipura[Terr](A)),blank(Gazipura[Terr](A)),,,,Blank,blank(Gazipur[Reg](A)),Gazipura[Terr](A),Territory,12345,Gazipura[Terr](A)@test.com,Gazipura[Terr](A),,,,,
Zubayer Hossain,Zubayer Hossain,,,,TSO-A,blank(Gazipur[Reg](A)),Konabari[Terr](A),Territory,12345,Konabari[Terr](A)@test.com,Konabari[Terr](A),,,,,
Maruf Hossain(Joydebpur[Terr](A)),Maruf Hossain(Joydebpur[Terr](A)),,,,TSO-A,blank(Gazipur[Reg](A)),Joydebpur[Terr](A),Territory,12345,Joydebpur[Terr](A)@test.com,Joydebpur[Terr](A),,,,,
blank(Rajendropur[Terr](A)),blank(Rajendropur[Terr](A)),,,,Blank,Nasiruddin(Gazipur[Reg](A)),Rajendropur[Terr](A),Territory,12345,Rajendropur[Terr](A)@test.com,Rajendropur[Terr](A),,,,,
Habibur Rahman,Habibur Rahman,,,,TSO-A,Nasiruddin(Gazipur[Reg](A)),Bormi[Terr](A),Territory,12345,Bormi[Terr](A)@test.com,Bormi[Terr](A),,,,,
Reazul Islam,Reazul Islam,,,,TM-A,Reazul Haque,Savar_[terr]_(A),Territory,12345,Savar_[terr]_(A)@test.com,Savar_[terr]_(A),,,,,
blank(EPZ[Terr](A)),blank(EPZ[Terr](A)),,,,Blank,Reazul Haque,EPZ[Terr](A),Territory,12345,EPZ[Terr](A)@test.com,EPZ[Terr](A),,,,,
Mir Shafik Hassan,Mir Shafik Hassan,,,,TSO-A,Reazul Haque,Manikgonj[Terr](A),Territory,12345,Manikgonj[Terr](A)@test.com,Manikgonj[Terr](A),,,,,
blank(Ashulia[Terr](A)),blank(Ashulia[Terr](A)),,,,Blank,Reazul Haque,Ashulia[Terr](A),Territory,12345,Ashulia[Terr](A)@test.com,Ashulia[Terr](A),,,,,
Murad Rahman,Murad Rahman,,,,TM-A,Tariqul Islam(Mymensingh[Reg](A)),Mymensingh[Terr](A),Territory,12345,Mymensingh[Terr](A)@test.com,Mymensingh[Terr](A),,,,,
blank(Valuka[Terr](A)),blank(Valuka[Terr](A)),,,,Blank,Tariqul Islam(Mymensingh[Reg](A)),Valuka[Terr](A),Territory,12345,Valuka[Terr](A)@test.com,Valuka[Terr](A),,,,,
Anisuzzaman,Anisuzzaman,,,,TM-A,Tariqul Islam(Mymensingh[Reg](A)),Netrokona[Terr](A),Territory,12345,Netrokona[Terr](A)@test.com,Netrokona[Terr](A),,,,,
Mostofa Kamal,Mostofa Kamal,,,,ZSO-A,Tariqul Islam(Mymensingh[Reg](A)),Fulpur[Terr](A),Territory,12345,Fulpur[Terr](A)@test.com,Fulpur[Terr](A),,,,,
blank(Sherpur[Terr](A)),blank(Sherpur[Terr](A)),,,,Blank,Tariqul Islam(Mymensingh[Reg](A)),Sherpur[Terr](A),Territory,12345,Sherpur[Terr](A)@test.com,Sherpur[Terr](A),,,,,
Rasheduzzaman,Rasheduzzaman,,,,RI-A,Mehfuz Kamal Bhuiyan,Tangail[Terr](A),Territory,12345,Tangail[Terr](A)@test.com,Tangail[Terr](A),,,,,
blank(Modupur[Terr](A)),blank(Modupur[Terr](A)),,,,Blank,Mehfuz Kamal Bhuiyan,Modupur[Terr](A),Territory,12345,Modupur[Terr](A)@test.com,Modupur[Terr](A),,,,,
Ashequr Rahman,Ashequr Rahman,,,,TM-A,Mehfuz Kamal Bhuiyan,Jamalpur[Terr](A),Territory,12345,Jamalpur[Terr](A)@test.com,Jamalpur[Terr](A),,,,,
HM Asad,HM Asad,,,,TSO-A,Belayet Hossain,Rangunia[Terr](A),Territory,12345,Rangunia[Terr](A)@test.com,Rangunia[Terr](A),,,,,
blank(Bahaddarhat[Terr](A)),blank(Bahaddarhat[Terr](A)),,,,Blank,Belayet Hossain,Bahaddarhat[Terr](A),Territory,12345,Bahaddarhat[Terr](A)@test.com,Bahaddarhat[Terr](A),,,,,
blank(Riazuddin Bazar[Terr](A)),blank(Riazuddin Bazar[Terr](A)),,,,Blank,Belayet Hossain,Riazuddin Bazar[Terr](A),Territory,12345,Riazuddin Bazar[Terr](A)@test.com,Riazuddin Bazar[Terr](A),,,,,
blank(Potiya[Terr](A)),blank(Potiya[Terr](A)),,,,Blank,Nazmul Hassan,Potiya[Terr](A),Territory,12345,Potiya[Terr](A)@test.com,Potiya[Terr](A),,,,,
Md Zonaid,Md Zonaid,,,,TSO-A,Nazmul Hassan,Amirabad[Terr](A),Territory,12345,Amirabad[Terr](A)@test.com,Amirabad[Terr](A),,,,,
Md Kamruzzaman Milon,Md Kamruzzaman Milon,,,,TSO-A,Nazmul Hassan,Anowara[Terr](A),Territory,12345,Anowara[Terr](A)@test.com,Anowara[Terr](A),,,,,
Uttom Chakraborty,Uttom Chakraborty,,,,ZSO-A,Md. Nurul Islam,Cox's Bazar[Terr](A),Territory,12345,Cox's Bazar[Terr](A)@test.com,Cox's Bazar[Terr](A),,,,,
blank(Teknaf[Terr](A)),blank(Teknaf[Terr](A)),,,,Blank,Md. Nurul Islam,Teknaf[Terr](A),Territory,12345,Teknaf[Terr](A)@test.com,Teknaf[Terr](A),,,,,
Hossen Ali,Hossen Ali,,,,TSO-A,Md. Nurul Islam,Chokoria[Terr](A),Territory,12345,Chokoria[Terr](A)@test.com,Chokoria[Terr](A),,,,,
Md Monirul Islam,Md Monirul Islam,,,,TM-A,Abul Kashem,Agrabad[Terr](A),Territory,12345,Agrabad[Terr](A)@test.com,Agrabad[Terr](A),,,,,
Md Ismail Hossain,Md Ismail Hossain,,,,ZSO-A,Abul Kashem,Potenga[Terr](A),Territory,12345,Potenga[Terr](A)@test.com,Potenga[Terr](A),,,,,
Golam Sarwer,Golam Sarwer,,,,TM-A,Abul Kashem,Pahartoli[Terr](A),Territory,12345,Pahartoli[Terr](A)@test.com,Pahartoli[Terr](A),,,,,
Md Abdur Raouf,Md Abdur Raouf,,,,TM-A,Abul Kashem,Shitakundo[Terr](A),Territory,12345,Shitakundo[Terr](A)@test.com,Shitakundo[Terr](A),,,,,
Md.Lokman Hossain,Md.Lokman Hossain,,,,TSO-A,Mr. Obaydullah,Hathazari[Terr](A),Territory,12345,Hathazari[Terr](A)@test.com,Hathazari[Terr](A),,,,,
Dhruba Ranzan ,Dhruba Ranzan ,,,,TM-A,Mr. Obaydullah,Fatikchori[Terr](A),Territory,12345,Fatikchori[Terr](A)@test.com,Fatikchori[Terr](A),,,,,
blank(Khagrachori[Terr](A)),blank(Khagrachori[Terr](A)),,,,Blank,Mr. Obaydullah,Khagrachori[Terr](A),Territory,12345,Khagrachori[Terr](A)@test.com,Khagrachori[Terr](A),,,,,
Md.Mahmudur Rahman,Md.Mahmudur Rahman,,,,TSO-A,Md. Nurul Huda,Direct Party[Terr](A),Territory,12345,Direct Party[Terr](A)@test.com,Direct Party[Terr](A),,,,,
Azam Khan,Azam Khan,,,,TSO-A,Mr. Biton Gosh,Chowmohoni[Terr](A),Territory,12345,Chowmohoni[Terr](A)@test.com,Chowmohoni[Terr](A),,,,,
blank(Senbag[Terr](A)),blank(Senbag[Terr](A)),,,,Blank,Mr. Biton Gosh,Senbag[Terr](A),Territory,12345,Senbag[Terr](A)@test.com,Senbag[Terr](A),,,,,
Abdul Karim,Abdul Karim,,,,TM-A,Mr. Biton Gosh,Maijdee[Terr](A),Territory,12345,Maijdee[Terr](A)@test.com,Maijdee[Terr](A),,,,,
Maksudur Rahman(Laxmipur[Terr](A)),Maksudur Rahman(Laxmipur[Terr](A)),,,,TM-A,Mr. Biton Gosh,Laxmipur[Terr](A),Territory,12345,Laxmipur[Terr](A)@test.com,Laxmipur[Terr](A),,,,,
Hafizur Rahman(Raypur[Terr](A)),Hafizur Rahman,,,,TSO-A,Mr. Biton Gosh,Raypur[Terr](A),Territory,12345,Raypur[Terr](A)@test.com,Raypur[Terr](A),,,,,
Nasiruddin(Sonaimuri[Terr](A)),Nasiruddin(Sonaimuri[Terr](A)),,,,TSO-A,Mr. Biton Gosh,Sonaimuri[Terr](A),Territory,12345,Sonaimuri[Terr](A)@test.com,Sonaimuri[Terr](A),,,,,
Jasim Uddim,Jasim Uddim,,,,TM-A,Mr. Murad Hossain,Feni[Terr](A),Territory,12345,Feni[Terr](A)@test.com,Feni[Terr](A),,,,,
Amirul Islam,Amirul Islam,,,,TM-A,Mr. Murad Hossain,Baroiarhat[Terr](A),Territory,12345,Baroiarhat[Terr](A)@test.com,Baroiarhat[Terr](A),,,,,
blank(Dagon Bhuiyan[Terr](A)),blank(Dagon Bhuiyan[Terr](A)),,,,Blank,Mr. Murad Hossain,Dagon Bhuiyan[Terr](A),Territory,12345,Dagon Bhuiyan[Terr](A)@test.com,Dagon Bhuiyan[Terr](A),,,,,
Farukul Islam,Farukul Islam,,,,ZSO-A, Elyas Bhuiyan,Comilla[Terr](A),Territory,12345,Comilla[Terr](A)@test.com,Comilla[Terr](A),,,,,
Arifur Rahman,Arifur Rahman,,,,TM-A, Elyas Bhuiyan,Choddogram[Terr](A),Territory,12345,Choddogram[Terr](A)@test.com,Choddogram[Terr](A),,,,,
Emdadul Haque,Emdadul Haque,,,,TSO-A, Elyas Bhuiyan,Laksham[Terr](A),Territory,12345,Laksham[Terr](A)@test.com,Laksham[Terr](A),,,,,
Shofiqul Islam,Shofiqul Islam,,,,ZSO-A, Elyas Bhuiyan,Chandina [Terr](A),Territory,12345,Chandina [Terr](A)@test.com,Chandina [Terr](A),,,,,
Saleh Ahmed,Saleh Ahmed,,,,TSO-A,Mr. Kamruzzaman,Chandpur[Terr](A),Territory,12345,Chandpur[Terr](A)@test.com,Chandpur[Terr](A),,,,,
blank(Faridgonj[Terr](A)),blank(Faridgonj[Terr](A)),,,,Blank,Mr. Kamruzzaman,Faridgonj[Terr](A),Territory,12345,Faridgonj[Terr](A)@test.com,Faridgonj[Terr](A),,,,,
Monirul Islam,Monirul Islam,,,,TSO-A,Mr. Kamruzzaman,Hazigonj[Terr](A),Territory,12345,Hazigonj[Terr](A)@test.com,Hazigonj[Terr](A),,,,,
Shafiuddin Chowdhury,Shafiuddin Chowdhury,,,,TM-A, Hayatun Nobi Majumder,B. Baria[Terr](A),Territory,12345,B. Baria[Terr](A)@test.com,B. Baria[Terr](A),,,,,
blank(Companygonj[Terr](A)),blank(Companygonj[Terr](A)),,,,Blank, Hayatun Nobi Majumder,Companygonj[Terr](A),Territory,12345,Companygonj[Terr](A)@test.com,Companygonj[Terr](A),,,,,
Khorshed Alam,Khorshed Alam,,,,ZSO-A, Hayatun Nobi Majumder,Nobinagar[Terr](A),Territory,12345,Nobinagar[Terr](A)@test.com,Nobinagar[Terr](A),,,,,
Farid Uddin,Farid Uddin,,,,ZSO-A, Hayatun Nobi Majumder,Kosba[Terr](A),Territory,12345,Kosba[Terr](A)@test.com,Kosba[Terr](A),,,,,
Humayan Kabir,Humayan Kabir,,,,TSO-A, Hayatun Nobi Majumder,Sorail[Terr](A),Territory,12345,Sorail[Terr](A)@test.com,Sorail[Terr](A),,,,,
blank(Sylhet Metro-1[Terr](A)),blank(Sylhet Metro-1[Terr](A)),,,,Blank,Mr. Ataur Rahman,Sylhet Metro-1[Terr](A),Territory,12345,Sylhet Metro-1[Terr](A)@test.com,Sylhet Metro-1[Terr](A),,,,,
blank(Sylhet Metro-2[Terr](A)),blank(Sylhet Metro-2[Terr](A)),,,,Blank,Mr. Ataur Rahman,Sylhet Metro-2[Terr](A),Territory,12345,Sylhet Metro-2[Terr](A)@test.com,Sylhet Metro-2[Terr](A),,,,,
Nazmul Islam,Nazmul Islam,,,,TM-A,Mr. Ataur Rahman,Tuker Bazar[Terr](A),Territory,12345,Tuker Bazar[Terr](A)@test.com,Tuker Bazar[Terr](A),,,,,
Kawsar Hossain,Kawsar Hossain,,,,ZSO-A,Mr. Ataur Rahman,Jointapur[Terr](A),Territory,12345,Jointapur[Terr](A)@test.com,Jointapur[Terr](A),,,,,
 Mizanur Rahman, Mizanur Rahman,,,,TSO-A,Mr. Ataur Rahman,Chattak[Terr](A),Territory,12345,Chattak[Terr](A)@test.com,Chattak[Terr](A),,,,,
Monir Hossain,Monir Hossain,,,,ZSO-A,Mr. Ataur Rahman,Sunamgonj[Terr](A),Territory,12345,Sunamgonj[Terr](A)@test.com,Sunamgonj[Terr](A),,,,,
Hafizur Rahman(South Surma[Terr](A)),Hafizur Rahman,,,,TSO-A,Faruk Hossain,South Surma[Terr](A),Territory,12345,South Surma[Terr](A)@test.com,South Surma[Terr](A),,,,,
Shahin Hossain,Shahin Hossain,,,,TSO-A,Faruk Hossain,Biswanath[Terr](A),Territory,12345,Biswanath[Terr](A)@test.com,Biswanath[Terr](A),,,,,
Alauddin,Alauddin,,,,TM-A,Faruk Hossain,Biani Bazar[Terr](A),Territory,12345,Biani Bazar[Terr](A)@test.com,Biani Bazar[Terr](A),,,,,
Kamruzzaman khan,Kamruzzaman khan,,,,ZSO-A,Mirza Md. Shirajul Islam(Sreemangal[Reg](A)),Moulovibazar[Terr](A),Territory,12345,Moulovibazar[Terr](A)@test.com,Moulovibazar[Terr](A),,,,,
Amit Kumar Mollik,Amit Kumar Mollik,,,,TSO-A,Mirza Md. Shirajul Islam(Sreemangal[Reg](A)),Borolekha[Terr](A),Territory,12345,Borolekha[Terr](A)@test.com,Borolekha[Terr](A),,,,,
Ali Hossain,Ali Hossain,,,,ZSO-A,Mirza Md. Shirajul Islam(Sreemangal[Reg](A)),Hobigonj[Terr](A),Territory,12345,Hobigonj[Terr](A)@test.com,Hobigonj[Terr](A),,,,,
Khairul Bashar,Khairul Bashar,,,,ZSO-A,Mirza Md. Shirajul Islam(Sreemangal[Reg](A)),Nobigonj[Terr](A),Territory,12345,Nobigonj[Terr](A)@test.com,Nobigonj[Terr](A),,,,,
Mirza Md. Shirajul Islam(Shayestagonj[Terr](A)),Mirza Md. Shirajul Islam(Shayestagonj[Terr](A)),,,,RI-A,Mirza Md. Shirajul Islam(Sreemangal[Reg](A)),Shayestagonj[Terr](A),Territory,12345,Shayestagonj[Terr](A)@test.com,Shayestagonj[Terr](A),,,,,
Sonjoy Sarker,Sonjoy Sarker,,,,ZSO-A,Azhar Kamal Siddiqui,Rangpur[Terr](A),Territory,12345,Rangpur[Terr](A)@test.com,Rangpur[Terr](A),,,,,
Abdul Hai,Abdul Hai,,,,TSO-A,Azhar Kamal Siddiqui,Kurigram[Terr](A),Territory,12345,Kurigram[Terr](A)@test.com,Kurigram[Terr](A),,,,,
blank(Lalmonirhat[Terr](A)),blank(Lalmonirhat[Terr](A)),,,,Blank,Azhar Kamal Siddiqui,Lalmonirhat[Terr](A),Territory,12345,Lalmonirhat[Terr](A)@test.com,Lalmonirhat[Terr](A),,,,,
Sarforaz Newaz,Sarforaz Newaz,,,,ZSO-A,Azhar Kamal Siddiqui,Gaibanda[Terr](A),Territory,12345,Gaibanda[Terr](A)@test.com,Gaibanda[Terr](A),,,,,
blank(Dinajpur[Terr](A)),blank(Dinajpur[Terr](A)),,,,Blank,blank(Dinajpur[Reg](A)),Dinajpur[Terr](A),Territory,12345,Dinajpur[Terr](A)@test.com,Dinajpur[Terr](A),,,,,
blank(Soyedpur[Terr](A)),blank(Soyedpur[Terr](A)),,,,Blank,blank(Dinajpur[Reg](A)),Soyedpur[Terr](A),Territory,12345,Soyedpur[Terr](A)@test.com,Soyedpur[Terr](A),,,,,
blank(Thakurgaon[Terr](A)),blank(Thakurgaon[Terr](A)),,,,Blank,blank(Dinajpur[Reg](A)),Thakurgaon[Terr](A),Territory,12345,Thakurgaon[Terr](A)@test.com,Thakurgaon[Terr](A),,,,,
Mirza Nur Mohammed,Mirza Nur Mohammed,,,,TSO-A,Maruf Hossain(Bogra[Reg](A)),Bogra[Terr](A),Territory,12345,Bogra[Terr](A)@test.com,Bogra[Terr](A),,,,,
Sanwar Hossain,Sanwar Hossain,,,,TM-A,Maruf Hossain(Bogra[Reg](A)),Noagaon[Terr](A),Territory,12345,Noagaon[Terr](A)@test.com,Noagaon[Terr](A),,,,,
blank(Sirajgonj[Terr](A)),blank(Sirajgonj[Terr](A)),,,,Blank,Maruf Hossain(Bogra[Reg](A)),Sirajgonj[Terr](A),Territory,12345,Sirajgonj[Terr](A)@test.com,Sirajgonj[Terr](A),,,,,
Shahidun nabi,Shahidun nabi,,,,ZSO-A,Mr. Faizul Haque,Rajshahi[Terr](A),Territory,12345,Rajshahi[Terr](A)@test.com,Rajshahi[Terr](A),,,,,
Sazzad hossain Sarkar,Sazzad hossain Sarkar,,,,ZSO-A,Mr. Faizul Haque,Natore[Terr](A),Territory,12345,Natore[Terr](A)@test.com,Natore[Terr](A),,,,,
Abdul Alim,Abdul Alim,,,,ZSO-A,Mr. Faizul Haque,Pabna[Terr](A),Territory,12345,Pabna[Terr](A)@test.com,Pabna[Terr](A),,,,,
 Mofizur Rahman, Mofizur Rahman,,,,TSO-A,Ripon Baidya,Khulna[Terr](A),Territory,12345,Khulna[Terr](A)@test.com,Khulna[Terr](A),,,,,
Ariful Islam,Ariful Islam,,,,ZSO-A,Ripon Baidya,Bagerhat[Terr](A),Territory,12345,Bagerhat[Terr](A)@test.com,Bagerhat[Terr](A),,,,,
Abul Kalam Azad,Abul Kalam Azad,,,,ZSO-A,Ripon Baidya,Pirojpur[Terr](A),Territory,12345,Pirojpur[Terr](A)@test.com,Pirojpur[Terr](A),,,,,
Dananjoy Kumar ,Dananjoy Kumar ,,,,ZSO-A,Ripon Baidya,Satkhira[Terr](A),Territory,12345,Satkhira[Terr](A)@test.com,Satkhira[Terr](A),,,,,
blank(Jessore[Terr](A)),blank(Jessore[Terr](A)),,,,Blank,Bikash Kumar Das,Jessore[Terr](A),Territory,12345,Jessore[Terr](A)@test.com,Jessore[Terr](A),,,,,
M.A Razzak,M.A Razzak,,,,TSO-A,Bikash Kumar Das,Jhenaidah[Terr](A),Territory,12345,Jhenaidah[Terr](A)@test.com,Jhenaidah[Terr](A),,,,,
Anisur Rahman(Norail[Terr](A)),Anisur Rahman(Norail[Terr](A)),,,,ZSO-A,Bikash Kumar Das,Norail[Terr](A),Territory,12345,Norail[Terr](A)@test.com,Norail[Terr](A),,,,,
Akhteruzzaman,Akhteruzzaman,,,,TSO-A,Bikash Kumar Das,Kustia[Terr](A),Territory,12345,Kustia[Terr](A)@test.com,Kustia[Terr](A),,,,,
blank(Chuadanga[Terr](A)),blank(Chuadanga[Terr](A)),,,,Blank,Bikash Kumar Das,Chuadanga[Terr](A),Territory,12345,Chuadanga[Terr](A)@test.com,Chuadanga[Terr](A),,,,,
Maznu Mia,Maznu Mia,,,,TSO-A,Tariqul Islam(Barisal[Reg](A)),Barishal[Terr](A),Territory,12345,Barishal[Terr](A)@test.com,Barishal[Terr](A),,,,,
Humayun Kabir,Humayun Kabir,,,,TSO-A,Tariqul Islam(Barisal[Reg](A)),Bhola[Terr](A),Territory,12345,Bhola[Terr](A)@test.com,Bhola[Terr](A),,,,,
Moklesur Rahman,Moklesur Rahman,,,,TSO-A,Tariqul Islam(Barisal[Reg](A)),Jhalokathi[Terr](A),Territory,12345,Jhalokathi[Terr](A)@test.com,Jhalokathi[Terr](A),,,,,
Ziaul Haque,Ziaul Haque,,,,TSO-A,Tariqul Islam(Barisal[Reg](A)),Torki[Terr](A),Territory,12345,Torki[Terr](A)@test.com,Torki[Terr](A),,,,,
Menon Hawladar,Menon Hawladar,,,,TI-A,Asaduzzaman(Potuakhali[Reg](A)),Potuakhali[Terr](A),Territory,12345,Potuakhali[Terr](A)@test.com,Potuakhali[Terr](A),,,,,
Abu Taleb Mollik,Abu Taleb Mollik,,,,ZSO-A,Asaduzzaman(Potuakhali[Reg](A)),Borguna[Terr](A),Territory,12345,Borguna[Terr](A)@test.com,Borguna[Terr](A),,,,,
blank(Motbaria[Terr](A)),blank(Motbaria[Terr](A)),,,,Blank,Asaduzzaman(Potuakhali[Reg](A)),Motbaria[Terr](A),Territory,12345,Motbaria[Terr](A)@test.com,Motbaria[Terr](A),,,,,
Golam Sarowar,Golam Sarowar,,,,TM-A,Mr. Sugit Biswas,Faridpur[Terr](A),Territory,12345,Faridpur[Terr](A)@test.com,Faridpur[Terr](A),,,,,
Alamgir Hossain,Alamgir Hossain,,,,TSO-A,Mr. Sugit Biswas,Rajbari[Terr](A),Territory,12345,Rajbari[Terr](A)@test.com,Rajbari[Terr](A),,,,,
Alsafur Rahman,Alsafur Rahman,,,,ZSO-A,Mr. Sugit Biswas,Madaripur[Terr](A),Territory,12345,Madaripur[Terr](A)@test.com,Madaripur[Terr](A),,,,,
Selim Khan,Selim Khan,,,,ZSO-A,Mr. Sugit Biswas,Gopalgonj[Terr](A),Territory,12345,Gopalgonj[Terr](A)@test.com,Gopalgonj[Terr](A),,,,,
Zillur Rahman,Zillur Rahman,,,,ZSO-A,Mr. Sugit Biswas,Vhanga[Terr](A),Territory,12345,Vhanga[Terr](A)@test.com,Vhanga[Terr](A),,,,,
Shahid Ali Reza,Shahid Ali Reza,,,,HOS-B,Asif Iqbal,HOS-B,PL,12345,HOS-B@test.com,,,,,,
Md. Yeasin Mollah,Md. Yeasin Mollah,,,,Sr.Agm-B,Shahid Ali Reza,Sr.Agm-B,PL,12345,Sr.Agm-B@test.com,,,,,,
Blank(PL-B(Dhaka East)),Blank(PL-B(Dhaka East)),,,,Blank,Md. Yeasin Mollah,PL-B(Dhaka East),Wing,12345,PL-B(Dhaka East)@test.com,PL-B(Dhaka East),,,,,
Blank(PL-B(Dhaka West )),Blank(PL-B(Dhaka West )),,,,Blank,Md. Yeasin Mollah,PL-B(Dhaka West ),Wing,12345,PL-B(Dhaka West )@test.com,PL-B(Dhaka West ),,,,,
Mr. Ananda Mohan Nath(Ctg. Wing),Mr. Ananda Mohan Nath(Ctg. Wing),,,,Dy-Mgr-B,Md. Yeasin Mollah,PL-B(Ctg Wing),Wing,12345,PL-B(Ctg Wing)@test.com,PL-B(Ctg Wing),,,,,
Mr. Ananda Mohan Nath(Comilla),Mr. Ananda Mohan Nath(Comilla),,,,Dy-Mgr-B,Md. Yeasin Mollah,PL-B(Comilla),Wing,12345,PL-B(Comilla)@test.com,PL-B(Comilla),,,,,
Md. Alamgir,Md. Alamgir,,,,Dy-Mgr-B,Md. Yeasin Mollah,PL-B(Sylhet),Wing,12345,PL-B(Sylhet)@test.com,PL-B(Sylhet),,,,,
Mr. Khasru Zzaman Lanin,Mr. Khasru Zzaman Lanin,,,,DSM-B,Md. Yeasin Mollah,PL-B(North Bengal),Wing,12345,PL-B(North Bengal)@test.com,PL-B(North Bengal),,,,,
Blank(PL-B(South Bengal)),Blank(PL-B(South Bengal)),,,,Blank,Md. Yeasin Mollah,PL-B(South Bengal),Wing,12345,PL-B(South Bengal)@test.com,PL-B(South Bengal),,,,,
Md. Golam Nabi(Dhaka South[Div](B)),Md. Golam Nabi(Dhaka South[Div](B)),,,,A.Mgr-B,Blank(PL-B(Dhaka East)),Dhaka South[Div](B),Division,12345,Dhaka South[Div](B)@test.com,Dhaka South[Div](B),,,,,
Mr. Alamgir Hossain,Mr. Alamgir Hossain,,,,DSM-B,Blank(PL-B(Dhaka East)),Dhaka North[Div](B),Division,12345,Dhaka North[Div](B)@test.com,Dhaka North[Div](B),,,,,
Md. Mohiuddin Ahmad,Md. Mohiuddin Ahmad,,,,DSM-B,Blank(PL-B(Dhaka West )),Dhaka Metro[Div](B),Division,12345,Dhaka Metro[Div](B)@test.com,Dhaka Metro[Div](B),,,,,
Mr. Md. Sumon Khan,Mr. Md. Sumon Khan,,,,Act.DSM-B,Blank(PL-B(Dhaka West )),Gazipur[Div](B),Division,12345,Gazipur[Div](B)@test.com,Gazipur[Div](B),,,,,
Mr. A.K.M Fakhrul Alam(Ctg-2[Div](B)),Mr. A.K.M Fakhrul Alam(Ctg-2[Div](B)),,,,DSM-B,Mr. Ananda Mohan Nath(Ctg. Wing),Ctg-2[Div](B),Division,12345,Ctg-2[Div](B)@test.com,Ctg-2[Div](B),,,,,
Md. Golam Nabi(Narayangonj[Div](B)),Md. Golam Nabi(Narayangonj[Div](B)),,,,A.Mgr-B,Blank(PL-B(Dhaka East)),Narayangonj[Div](B),Division,12345,Narayangonj[Div](B)@test.com,Narayangonj[Div](B),,,,,
Md. Moniruzzaman,Md. Moniruzzaman,,,,DSM-B,Blank(PL-B(Dhaka West )),Mymensingh [Div](B),Division,12345,Mymensingh [Div](B)@test.com,Mymensingh [Div](B),,,,,
Mr. A.K.M Fakhrul Alam(Ctg-1[Div](B)),Mr. A.K.M Fakhrul Alam(Ctg-1[Div](B)),,,,DSM-B,Mr. Ananda Mohan Nath(Ctg. Wing),Ctg-1[Div](B),Division,12345,Ctg-1[Div](B)@test.com,Ctg-1[Div](B),,,,,
Md. Abdul Jabbar,Md. Abdul Jabbar,,,,DSM-B,Mr. Ananda Mohan Nath(Comilla),Noakhali[Div](B),Division,12345,Noakhali[Div](B)@test.com,Noakhali[Div](B),,,,,
Mr. Jalaluddin Ahmed,Mr. Jalaluddin Ahmed,,,,DSM-B,Mr. Ananda Mohan Nath(Comilla),Comilla[Div](B),Division,12345,Comilla[Div](B)@test.com,Comilla[Div](B),,,,,
Md. Mostafezur Rahman,Md. Mostafezur Rahman,,,,DSM-B,Md. Alamgir,Sylhet[Div](B),Division,12345,Sylhet[Div](B)@test.com,Sylhet[Div](B),,,,,
Blank(Rangpur[Div](B)),Blank(Rangpur[Div](B)),,,,Blank,Mr. Khasru Zzaman Lanin,Rangpur[Div](B),Division,12345,Rangpur[Div](B)@test.com,Rangpur[Div](B),,,,,
Blank(Bogra[Div](B)),Blank(Bogra[Div](B)),,,,Blank,Mr. Khasru Zzaman Lanin,Bogra[Div](B),Division,12345,Bogra[Div](B)@test.com,Bogra[Div](B),,,,,
Md. Fardous Wahid,Md. Fardous Wahid,,,,RM-B,Blank(PL-B(South Bengal)),Khulna[Div](B),Division,12345,Khulna[Div](B)@test.com,Khulna[Div](B),,,,,
Md. Mozibur Rahman,Md. Mozibur Rahman,,,,DSM-B,Blank(PL-B(South Bengal)),Barisal[Div](B),Division,12345,Barisal[Div](B)@test.com,Barisal[Div](B),,,,,
Blank(Khilgaon[Reg](B)),Blank(Khilgaon[Reg](B)),,,,Blank,Md. Golam Nabi(Dhaka South[Div](B)),Khilgaon[Reg](B),Region,12345,Khilgaon[Reg](B)@test.com,Khilgaon[Reg](B),,,,,
Dwijendra Nath Biswas,Dwijendra Nath Biswas,,,,RM-B,Mr. Alamgir Hossain,Gulshan[Reg](B),Region,12345,Gulshan[Reg](B)@test.com,Gulshan[Reg](B),,,,,
Mr. Md. Afsar Ali,Mr. Md. Afsar Ali,,,,RM-B,Mr. Alamgir Hossain,Uttara[Reg](B),Region,12345,Uttara[Reg](B)@test.com,Uttara[Reg](B),,,,,
Md. Saiful Islam Sikder(Mohammadpur[Reg](B)),Md. Saiful Islam Sikder(Mohammadpur[Reg](B)),,,,RI-B,Md. Mohiuddin Ahmad,Mohammadpur[Reg](B),Region,12345,Mohammadpur[Reg](B)@test.com,Mohammadpur[Reg](B),,,,,
Md. Manwarul Haque,Md. Manwarul Haque,,,,RI-B,Mr. Md. Sumon Khan,Savar[Reg](B),Region,12345,Savar[Reg](B)@test.com,Savar[Reg](B),,,,,
Md. Niamat Ali,Md. Niamat Ali,,,,RM-B,Mr. A.K.M Fakhrul Alam(Ctg-2[Div](B)),CTG-Metro[Reg](B),Region,12345,CTG-Metro[Reg](B)@test.com,CTG-Metro[Reg](B),,,,,
A.B.M. Zahid,A.B.M. Zahid,,,,RM-B,Md. Golam Nabi(Narayangonj[Div](B)),Narayangonj[Reg](B),Region,12345,Narayangonj[Reg](B)@test.com,Narayangonj[Reg](B),,,,,
Md. Nazrul Islam,Md. Nazrul Islam,,,,RM-B,Md. Golam Nabi(Narayangonj[Div](B)),Narshinghdi[Reg](B),Region,12345,Narshinghdi[Reg](B)@test.com,Narshinghdi[Reg](B),,,,,
Md Habibullah ,Md Habibullah ,,,,RM-B,Md. Golam Nabi(Dhaka South[Div](B)),Jatrabari[Reg](B),Region,12345,Jatrabari[Reg](B)@test.com,Jatrabari[Reg](B),,,,,
Md. Rafiqul Islam,Md. Rafiqul Islam,,,,TM-B,Md. Mohiuddin Ahmad,Mirpur[Reg](B),Region,12345,Mirpur[Reg](B)@test.com,Mirpur[Reg](B),,,,,
Md. Saiful Islam Sikder(Lalbag[Reg](B)),Md. Saiful Islam Sikder(Lalbag[Reg](B)),,,,RI-B,Md. Mohiuddin Ahmad,Lalbag[Reg](B),Region,12345,Lalbag[Reg](B)@test.com,Lalbag[Reg](B),,,,,
Mr. Md Aminul Islam,Mr. Md Aminul Islam,,,,RI-B,Mr. Md. Sumon Khan,Gazipur[Reg](B),Region,12345,Gazipur[Reg](B)@test.com,Gazipur[Reg](B),,,,,
Mr. Rafiqul Islam ,Mr. Rafiqul Islam ,,,,RM-B,Md. Moniruzzaman,Mymensingh[Reg](B),Region,12345,Mymensingh[Reg](B)@test.com,Mymensingh[Reg](B),,,,,
Md. Sabbir Ahmed,Md. Sabbir Ahmed,,,,RM-B,Md. Moniruzzaman,Tangail[Reg](B),Region,12345,Tangail[Reg](B)@test.com,Tangail[Reg](B),,,,,
Mr. Humaun Kabir,Mr. Humaun Kabir,,,,RM-B,Mr. A.K.M Fakhrul Alam(Ctg-1[Div](B)),Ctg-North[Reg](B),Region,12345,Ctg-North[Reg](B)@test.com,Ctg-North[Reg](B),,,,,
A.K.M Anisur Rahman(Potiya[Reg](B)),A.K.M Anisur Rahman(Potiya[Reg](B)),,,,RM-B,Mr. A.K.M Fakhrul Alam(Ctg-1[Div](B)),Potiya[Reg](B),Region,12345,Potiya[Reg](B)@test.com,Potiya[Reg](B),,,,,
A.K.M Anisur Rahman(Cox-Bazar[Reg](B)),A.K.M Anisur Rahman(Cox-Bazar[Reg](B)),,,,RM-B,Mr. A.K.M Fakhrul Alam(Ctg-1[Div](B)),Cox-Bazar[Reg](B),Region,12345,Cox-Bazar[Reg](B)@test.com,Cox-Bazar[Reg](B),,,,,
Mr. Rabiul Hossain,Mr. Rabiul Hossain,,,,RM-B,Mr. A.K.M Fakhrul Alam(Ctg-2[Div](B)),Hathazari[Reg](B),Region,12345,Hathazari[Reg](B)@test.com,Hathazari[Reg](B),,,,,
Blank(Direct Party[Reg](B)),Blank(Direct Party[Reg](B)),,,,Blank,Mr. A.K.M Fakhrul Alam(Ctg-2[Div](B)),Direct Party[Reg](B),Region,12345,Direct Party[Reg](B)@test.com,Direct Party[Reg](B),,,,,
Subi Nayak Aich Rony,Subi Nayak Aich Rony,,,,RI-B,Md. Abdul Jabbar,Noakhali[Reg](B),Region,12345,Noakhali[Reg](B)@test.com,Noakhali[Reg](B),,,,,
Shah Shakir Ahmed,Shah Shakir Ahmed,,,,RM-B,Md. Abdul Jabbar,Feni[Reg](B),Region,12345,Feni[Reg](B)@test.com,Feni[Reg](B),,,,,
Md. Mizanur Rahman,Md. Mizanur Rahman,,,,RI-B,Mr. Jalaluddin Ahmed,Comilla[Reg](B),Region,12345,Comilla[Reg](B)@test.com,Comilla[Reg](B),,,,,
Md. Omar Faruk,Md. Omar Faruk,,,,RM-B,Mr. Jalaluddin Ahmed,Chandpur[Reg](B),Region,12345,Chandpur[Reg](B)@test.com,Chandpur[Reg](B),,,,,
Mr. Md. Abu Jafor ,Mr. Md. Abu Jafor ,,,,RM-B,Mr. Jalaluddin Ahmed,B-Baria[Reg](B),Region,12345,B-Baria[Reg](B)@test.com,B-Baria[Reg](B),,,,,
Mr. Md.Yakub ,Mr. Md.Yakub ,,,,RM-B,Md. Mostafezur Rahman,Sylhet North[Reg](B),Region,12345,Sylhet North[Reg](B)@test.com,Sylhet North[Reg](B),,,,,
Mozaharul Hoque (Bahar),Mozaharul Hoque (Bahar),,,,RM-B,Md. Mostafezur Rahman,Sylhet South[Reg](B),Region,12345,Sylhet South[Reg](B)@test.com,Sylhet South[Reg](B),,,,,
Md. Nasir Uddin Mandal,Md. Nasir Uddin Mandal,,,,RM-B,Md. Mostafezur Rahman,Sreemangal[Reg](B),Region,12345,Sreemangal[Reg](B)@test.com,Sreemangal[Reg](B),,,,,
Md. Iqbal Kabir,Md. Iqbal Kabir,,,,RI-B,Blank(Rangpur[Div](B)),Rangpur[Reg](B),Region,12345,Rangpur[Reg](B)@test.com,Rangpur[Reg](B),,,,,
A.K.M Asadulla Azad,A.K.M Asadulla Azad,,,,RI-B,Blank(Rangpur[Div](B)),Dinajpur[Reg](B),Region,12345,Dinajpur[Reg](B)@test.com,Dinajpur[Reg](B),,,,,
S. M. Sohel,S. M. Sohel,,,,RI-B,Blank(Bogra[Div](B)),Bogra[Reg](B),Region,12345,Bogra[Reg](B)@test.com,Bogra[Reg](B),,,,,
Mr. Mukul Ali,Mr. Mukul Ali,,,,RM-B,Blank(Bogra[Div](B)),Rajshahi[Reg](B),Region,12345,Rajshahi[Reg](B)@test.com,Rajshahi[Reg](B),,,,,
Mr. Noor Nawaz Khan,Mr. Noor Nawaz Khan,,,,RI-B,Md. Fardous Wahid,Khulna[Reg](B),Region,12345,Khulna[Reg](B)@test.com,Khulna[Reg](B),,,,,
Mr. Md. Shamimul Islam Methu,Mr. Md. Shamimul Islam Methu,,,,RI-B,Md. Fardous Wahid,Jessore [Reg](B),Region,12345,Jessore [Reg](B)@test.com,Jessore [Reg](B),,,,,
Md. Abdul Malek(Barishal[Reg](B)),Md. Abdul Malek(Barishal[Reg](B)),,,,RI-B,Md. Mozibur Rahman,Barishal[Reg](B),Region,12345,Barishal[Reg](B)@test.com,Barishal[Reg](B),,,,,
Md. Abdul Malek(Patuakhali[Reg](B)),Md. Abdul Malek(Patuakhali[Reg](B)),,,,RI-B,Md. Mozibur Rahman,Patuakhali[Reg](B),Region,12345,Patuakhali[Reg](B)@test.com,Patuakhali[Reg](B),,,,,
Md. Abdus Salam,Md. Abdus Salam,,,,RM-B,Md. Mozibur Rahman,Faridpur[Reg](B),Region,12345,Faridpur[Reg](B)@test.com,Faridpur[Reg](B),,,,,
Md. Saiful Islam(Fakirapul[Terr](B)),Md. Saiful Islam(Fakirapul[Terr](B)),,,,TSO-B,Blank(Khilgaon[Reg](B)),Fakirapul_[Terr]_(B),Territory,12345,Fakirapul_[Terr]_(B)@test.com,Fakirapul_[Terr]_(B),,,,,
Blank(Fakirapul[Terr](B)),Blank(Fakirapul[Terr](B)),,,,Blank,Blank(Khilgaon[Reg](B)),Khilgaon_[Terr]_(B),Territory,12345,Khilgaon_[Terr]_(B)@test.com,Khilgaon_[Terr]_(B),,,,,
Md. Abdur Rahman,Md. Abdur Rahman,,,,TSO-B,Blank(Khilgaon[Reg](B)),Basabo [Terr] (B),Territory,12345,Basabo [Terr] (B)@test.com,Basabo [Terr] (B),,,,,
Md. Monirul Islam(Badda[Terr](B)),Md. Monirul Islam(Badda[Terr](B)),,,,TM-B,Dwijendra Nath Biswas,Badda[Terr](B),Territory,12345,Badda[Terr](B)@test.com,Badda[Terr](B),,,,,
Md. Belal Hossain,Md. Belal Hossain,,,,TSO-B,Dwijendra Nath Biswas,Malibagh[Terr](B),Territory,12345,Malibagh[Terr](B)@test.com,Malibagh[Terr](B),,,,,
Md. Kashem,Md. Kashem,,,,TM-B,Mr. Md. Afsar Ali,Khilkhet[Terr](B),Territory,12345,Khilkhet[Terr](B)@test.com,Khilkhet[Terr](B),,,,,
Blank(Khilkhet[Terr](B)),Blank(Khilkhet[Terr](B)),,,,Blank,Mr. Md. Afsar Ali,Dakkhin Khan[Terr](B),Territory,12345,Dakkhin Khan[Terr](B)@test.com,Dakkhin Khan[Terr](B),,,,,
Blank(Krishi Market[Terr](B)),Blank(Krishi Market[Terr](B)),,,,Blank,Md. Saiful Islam Sikder(Mohammadpur[Reg](B)),Krishi Market [Terr] (B),Territory,12345,Krishi Market [Terr] (B)@test.com,Krishi Market [Terr] (B),,,,,
Md. Abul Kalam Azad(Krishi Market[Terr](B)),Md. Abul Kalam Azad(Krishi Market[Terr](B)),,,,TM-B,Md. Manwarul Haque,Savar [Terr] (B),Territory,12345,Savar [Terr] (B)@test.com,Savar [Terr] (B),,,,,
Md. Ismail Hossain,Md. Ismail Hossain,,,,TSO-B,Md. Niamat Ali,Pahartoli[Terr](B),Territory,12345,Pahartoli[Terr](B)@test.com,Pahartoli[Terr](B),,,,,
Md. Jane Alam,Md. Jane Alam,,,,TM-B,Md. Niamat Ali,Shitakundo[Terr](B),Territory,12345,Shitakundo[Terr](B)@test.com,Shitakundo[Terr](B),,,,,
Nazor Ali,Nazor Ali,,,,TM-B,A.B.M. Zahid,Narayangonj[Terr](B),Territory,12345,Narayangonj[Terr](B)@test.com,Narayangonj[Terr](B),,,,,
Blank(Narayangonj[Terr](B)),Blank(Narayangonj[Terr](B)),,,,Blank,A.B.M. Zahid,Bondor[Terr](B),Territory,12345,Bondor[Terr](B)@test.com,Bondor[Terr](B),,,,,
Blank(Bondor[Terr](B)),Blank(Bondor[Terr](B)),,,,Blank,A.B.M. Zahid,Fatulla[Terr](B),Territory,12345,Fatulla[Terr](B)@test.com,Fatulla[Terr](B),,,,,
Md. Hasuzzman,Md. Hasuzzman,,,,TM-B,A.B.M. Zahid,Adamjee[Terr](B),Territory,12345,Adamjee[Terr](B)@test.com,Adamjee[Terr](B),,,,,
Blank(Adamjee[Terr](B)),Blank(Adamjee[Terr](B)),,,,Blank,A.B.M. Zahid,Demra[Terr](B),Territory,12345,Demra[Terr](B)@test.com,Demra[Terr](B),,,,,
Kamal Pasa,Kamal Pasa,,,,ZSO-B,A.B.M. Zahid,Sonargaon[Terr](B),Territory,12345,Sonargaon[Terr](B)@test.com,Sonargaon[Terr](B),,,,,
 Zahiruddin Ahmmed , Zahiruddin Ahmmed ,,,,TM-B,Md. Nazrul Islam,Narshingdi[Terr](B),Territory,12345,Narshingdi[Terr](B)@test.com,Narshingdi[Terr](B),,,,,
Al Mamun,Al Mamun,,,,TSO-B,Md. Nazrul Islam,Bhairab[Terr](B),Territory,12345,Bhairab[Terr](B)@test.com,Bhairab[Terr](B),,,,,
Md. Khorshed,Md. Khorshed,,,,TM-B,Md. Nazrul Islam,Kishoreganj[Terr](B),Territory,12345,Kishoreganj[Terr](B)@test.com,Kishoreganj[Terr](B),,,,,
Md. Mohammaudullah,Md. Mohammaudullah,,,,TM-B,Md. Nazrul Islam,Rupgonj[Terr](B),Territory,12345,Rupgonj[Terr](B)@test.com,Rupgonj[Terr](B),,,,,
Blank(Rupgonj[Terr](B)),Blank(Rupgonj[Terr](B)),,,,Blank,Blank(Khilgaon[Reg](B)),Mowlovi Bazar[Terr](B),Territory,12345,Mowlovi Bazar[Terr](B)@test.com,Mowlovi Bazar[Terr](B),,,,,
Md. Anwar Hossain(Kaptan bazar[Terr](B)),Md. Anwar Hossain(Kaptan bazar[Terr](B)),,,,ZSO-B,Blank(Khilgaon[Reg](B)),Kaptan bazar[Terr](B),Territory,12345,Kaptan bazar[Terr](B)@test.com,Kaptan bazar[Terr](B),,,,,
MSR Ekram,MSR Ekram,,,,TSO-B,Md Habibullah ,Jatrabari[Terr](B),Territory,12345,Jatrabari[Terr](B)@test.com,Jatrabari[Terr](B),,,,,
Md. Mahbub,Md. Mahbub,,,,TSO-B,Md Habibullah ,Jurain[Terr](B),Territory,12345,Jurain[Terr](B)@test.com,Jurain[Terr](B),,,,,
Blank(Jurain[Terr](B)),Blank(Jurain[Terr](B)),,,,Blank,Md Habibullah ,Gendaria[Terr](B),Territory,12345,Gendaria[Terr](B)@test.com,Gendaria[Terr](B),,,,,
Md. Mesbaul Haque,Md. Mesbaul Haque,,,,ZSO-B,Md Habibullah ,Sreenagar[Terr](B),Territory,12345,Sreenagar[Terr](B)@test.com,Sreenagar[Terr](B),,,,,
Blank(Sreenagar[Terr](B)),Blank(Sreenagar[Terr](B)),,,,Blank,Md Habibullah ,Nababgonj[Terr](B),Territory,12345,Nababgonj[Terr](B)@test.com,Nababgonj[Terr](B),,,,,
Md. Juwel Ahmed,Md. Juwel Ahmed,,,,ZSO-B,Md Habibullah ,Zinzira[Terr](B),Territory,12345,Zinzira[Terr](B)@test.com,Zinzira[Terr](B),,,,,
Blank(Zinzira[Terr](B)),Blank(Zinzira[Terr](B)),,,,Blank,Dwijendra Nath Biswas,Mohakhali[Terr](B),Territory,12345,Mohakhali[Terr](B)@test.com,Mohakhali[Terr](B),,,,,
Blank(Mohakhali[Terr](B)),Blank(Mohakhali[Terr](B)),,,,Blank,Dwijendra Nath Biswas,Gulshan[Terr](B),Territory,12345,Gulshan[Terr](B)@test.com,Gulshan[Terr](B),,,,,
Md. Saiful Islam,Md. Saiful Islam,,,,TM-B,Dwijendra Nath Biswas,Kawran bazar[Terr](B),Territory,12345,Kawran bazar[Terr](B)@test.com,Kawran bazar[Terr](B),,,,,
Md. Khorshed Alom,Md. Khorshed Alom,,,,TM-B,Mr. Md. Afsar Ali,Uttara[Terr](B),Territory,12345,Uttara[Terr](B)@test.com,Uttara[Terr](B),,,,,
Md. Masudur Rahman(Tongi[Terr](B)),Md. Masudur Rahman(Tongi[Terr](B)),,,,ASO-B,Mr. Md. Afsar Ali,Tongi[Terr](B),Territory,12345,Tongi[Terr](B)@test.com,Tongi[Terr](B),,,,,
Blank(Tongi[Terr](B)),Blank(Tongi[Terr](B)),,,,Blank,Mr. Md. Afsar Ali,Mirer Bazar[Terr](B),Territory,12345,Mirer Bazar[Terr](B)@test.com,Mirer Bazar[Terr](B),,,,,
Mosle Uddin,Mosle Uddin,,,,ZSO-B,Md. Rafiqul Islam,Mirpur-1[Terr](B),Territory,12345,Mirpur-1[Terr](B)@test.com,Mirpur-1[Terr](B),,,,,
Anisur Rahman(Mirpur-1[Terr](B)),Anisur Rahman,,,,ZSO-B,Md. Rafiqul Islam,Mirpur-2[Terr](B),Territory,12345,Mirpur-2[Terr](B)@test.com,Mirpur-2[Terr](B),,,,,
Blank(Mirpur-2[Terr](B)),Blank(Mirpur-2[Terr](B)),,,,Blank,Md. Rafiqul Islam,Pallobi[Terr](B),Territory,12345,Pallobi[Terr](B)@test.com,Pallobi[Terr](B),,,,,
Alamgir Mahmud,Alamgir Mahmud,,,,TSO-B,Md. Rafiqul Islam,Kachukhet[Terr](B),Territory,12345,Kachukhet[Terr](B)@test.com,Kachukhet[Terr](B),,,,,
Blank(Kachukhet[Terr](B)),Blank(Kachukhet[Terr](B)),,,,Blank,Md. Rafiqul Islam,Dhamalkot[Terr](B),Territory,12345,Dhamalkot[Terr](B)@test.com,Dhamalkot[Terr](B),,,,,
Mia Nakib Uddin,Mia Nakib Uddin,,,,TSO-B,Md. Saiful Islam Sikder(Mohammadpur[Reg](B)),Mohammadpur[Terr](B),Territory,12345,Mohammadpur[Terr](B)@test.com,Mohammadpur[Terr](B),,,,,
Abdus Sattar,Abdus Sattar,,,,TSO-B,Md. Saiful Islam Sikder(Mohammadpur[Reg](B)),Dhanmondi[Terr](B),Territory,12345,Dhanmondi[Terr](B)@test.com,Dhanmondi[Terr](B),,,,,
Md. Zahangir Alam,Md. Zahangir Alam,,,,TM-B,Md. Saiful Islam Sikder(Mohammadpur[Reg](B)),New market[Terr](B),Territory,12345,New market[Terr](B)@test.com,New market[Terr](B),,,,,
Blank(Kamrangirchor[Terr](B)),Blank(Kamrangirchor[Terr](B)),,,,Blank,Md. Saiful Islam Sikder(Lalbag[Reg](B)),Lalbag[Terr](B),Territory,12345,Lalbag[Terr](B)@test.com,Lalbag[Terr](B),,,,,
Blank(Lalbag[Terr](B)),Blank(Lalbag[Terr](B)),,,,Blank,Md. Saiful Islam Sikder(Lalbag[Reg](B)),Kamrangirchor[Terr](B),Territory,12345,Kamrangirchor[Terr](B)@test.com,Kamrangirchor[Terr](B),,,,,
Md. Abul Bashar,Md. Abul Bashar,,,,TM-B,Mr. Md Aminul Islam,Gazipura[Terr](B),Territory,12345,Gazipura[Terr](B)@test.com,Gazipura[Terr](B),,,,,
Md. Hasibul Hasan,Md. Hasibul Hasan,,,,ZSO-B,Mr. Md Aminul Islam,Konabari[Terr](B),Territory,12345,Konabari[Terr](B)@test.com,Konabari[Terr](B),,,,,
Blank(Konabari[Terr](B)),Blank(Konabari[Terr](B)),,,,Blank,Mr. Md Aminul Islam,Joydebpur[Terr](B),Territory,12345,Joydebpur[Terr](B)@test.com,Joydebpur[Terr](B),,,,,
Blank(Joydebpur[Terr](B)),Blank(Joydebpur[Terr](B)),,,,Blank,Mr. Md Aminul Islam,Rajendropur[Terr](B),Territory,12345,Rajendropur[Terr](B)@test.com,Rajendropur[Terr](B),,,,,
Md. Abdul Kader,Md. Abdul Kader,,,,TSO-B,Mr. Md Aminul Islam,Bormi[Terr](B),Territory,12345,Bormi[Terr](B)@test.com,Bormi[Terr](B),,,,,
Blank(Bormi[Terr](B)),Blank(Bormi[Terr](B)),,,,Blank,Md. Manwarul Haque,EPZ[Terr](B),Territory,12345,EPZ[Terr](B)@test.com,EPZ[Terr](B),,,,,
Md. Anwar hossain(Manikgonj[Terr](B)),Md. Anwar hossain(Manikgonj[Terr](B)),,,,ZSO-B,Md. Manwarul Haque,Manikgonj[Terr](B),Territory,12345,Manikgonj[Terr](B)@test.com,Manikgonj[Terr](B),,,,,
Golak Chandra Saha,Golak Chandra Saha,,,,ZSO-B,Md. Manwarul Haque,Ashulia[Terr](B),Territory,12345,Ashulia[Terr](B)@test.com,Ashulia[Terr](B),,,,,
Anwarul Islam,Anwarul Islam,,,,TM-B,Mr. Rafiqul Islam ,Mymensingh[Terr](B),Territory,12345,Mymensingh[Terr](B)@test.com,Mymensingh[Terr](B),,,,,
Md. Kamruzzaman,Md. Kamruzzaman,,,,ZSO-B,Mr. Rafiqul Islam ,Valuka[Terr](B),Territory,12345,Valuka[Terr](B)@test.com,Valuka[Terr](B),,,,,
Sahadat Hossin,Sahadat Hossin,,,,ZSO-B,Mr. Rafiqul Islam ,Netrokona[Terr](B),Territory,12345,Netrokona[Terr](B)@test.com,Netrokona[Terr](B),,,,,
Monir Hossain(Fulpur[Terr](B)),Monir Hossain(Fulpur[Terr](B)),,,,TSO-B,Mr. Rafiqul Islam ,Fulpur[Terr](B),Territory,12345,Fulpur[Terr](B)@test.com,Fulpur[Terr](B),,,,,
Nuruddin Salim,Nuruddin Salim,,,,ZSO-B,Mr. Rafiqul Islam ,Sherpur[Terr](B),Territory,12345,Sherpur[Terr](B)@test.com,Sherpur[Terr](B),,,,,
Md. Babul Hossain,Md. Babul Hossain,,,,ZSO-B,Md. Sabbir Ahmed,Tangail[Terr](B),Territory,12345,Tangail[Terr](B)@test.com,Tangail[Terr](B),,,,,
Ranjan Chandra Barmon,Ranjan Chandra Barmon,,,,ZSO-B,Md. Sabbir Ahmed,Modupur[Terr](B),Territory,12345,Modupur[Terr](B)@test.com,Modupur[Terr](B),,,,,
Zahidul Islam,Zahidul Islam,,,,TM-B,Md. Sabbir Ahmed,Jamalpur[Terr](B),Territory,12345,Jamalpur[Terr](B)@test.com,Jamalpur[Terr](B),,,,,
Md. Jahangir Alam,Md. Jahangir Alam,,,,TM-B,Mr. Humaun Kabir,Rangunia[Terr](B),Territory,12345,Rangunia[Terr](B)@test.com,Rangunia[Terr](B),,,,,
Swapan Barun Nandi,Swapan Barun Nandi,,,,TM-B,Mr. Humaun Kabir,Bahaddarhat[Terr](B),Territory,12345,Bahaddarhat[Terr](B)@test.com,Bahaddarhat[Terr](B),,,,,
Mr. Monir Hossain,Mr. Monir Hossain,,,,TM-B,Mr. Humaun Kabir,Riazuddin Bazar[Terr](B),Territory,12345,Riazuddin Bazar[Terr](B)@test.com,Riazuddin Bazar[Terr](B),,,,,
Md. Faruque Ahmed,Md. Faruque Ahmed,,,,TSO-B,A.K.M Anisur Rahman(Potiya[Reg](B)),Potiya[Terr](B),Territory,12345,Potiya[Terr](B)@test.com,Potiya[Terr](B),,,,,
Mr. Abul Bashar,Mr. Abul Bashar,,,,ZSO-B,A.K.M Anisur Rahman(Potiya[Reg](B)),Amirabad[Terr](B),Territory,12345,Amirabad[Terr](B)@test.com,Amirabad[Terr](B),,,,,
Pulok Roy Chowdhury,Pulok Roy Chowdhury,,,,TSO-B,A.K.M Anisur Rahman(Potiya[Reg](B)),Anowara[Terr](B),Territory,12345,Anowara[Terr](B)@test.com,Anowara[Terr](B),,,,,
A K M Nasrul Khandaker,A K M Nasrul Khandaker,,,,TSO-B,A.K.M Anisur Rahman(Cox-Bazar[Reg](B)),Cox's Bazar[Terr](B),Territory,12345,Cox's Bazar[Terr](B)@test.com,Cox's Bazar[Terr](B),,,,,
Abu Taher chowdhury,Abu Taher chowdhury,,,,TSO-B,A.K.M Anisur Rahman(Cox-Bazar[Reg](B)),Teknaf[Terr](B),Territory,12345,Teknaf[Terr](B)@test.com,Teknaf[Terr](B),,,,,
Mashiour Rahman,Mashiour Rahman,,,,TSO-B,A.K.M Anisur Rahman(Cox-Bazar[Reg](B)),Chokoria[Terr](B),Territory,12345,Chokoria[Terr](B)@test.com,Chokoria[Terr](B),,,,,
Harunur Rashid,Harunur Rashid,,,,TM-B,Md. Niamat Ali,Agrabad[Terr](B),Territory,12345,Agrabad[Terr](B)@test.com,Agrabad[Terr](B),,,,,
Mr. Pintu Vottacharja,Mr. Pintu Vottacharja,,,,TM-B,Md. Niamat Ali,Potenga[Terr](B),Territory,12345,Potenga[Terr](B)@test.com,Potenga[Terr](B),,,,,
Mr. Ashraf Uddin,Mr. Ashraf Uddin,,,,TSO-B,Mr. Rabiul Hossain,Hathazari[Terr](B),Territory,12345,Hathazari[Terr](B)@test.com,Hathazari[Terr](B),,,,,
Mintu Dey,Mintu Dey,,,,TSO-B,Mr. Rabiul Hossain,Fatikchori[Terr](B),Territory,12345,Fatikchori[Terr](B)@test.com,Fatikchori[Terr](B),,,,,
"Mr. Iavlu islam
 khan","Mr. Iavlu islam
 khan",,,,TSO-B,Mr. Rabiul Hossain,Khagrachori[Terr](B),Territory,12345,Khagrachori[Terr](B)@test.com,Khagrachori[Terr](B),,,,,
Blank(Khagrachori[Terr](B)),Blank(Khagrachori[Terr](B)),,,,Blank,Blank(Direct Party[Reg](B)),Direct Party[Terr](B),Territory,12345,Direct Party[Terr](B)@test.com,Direct Party[Terr](B),,,,,
Blank(Direct Party[Terr](B)),Blank(Direct Party[Terr](B)),,,,Blank,Subi Nayak Aich Rony,Chowmohoni[Terr](B),Territory,12345,Chowmohoni[Terr](B)@test.com,Chowmohoni[Terr](B),,,,,
Md. Abul Hahem,Md. Abul Hahem,,,,TSO-B,Subi Nayak Aich Rony,Senbag[Terr](B),Territory,12345,Senbag[Terr](B)@test.com,Senbag[Terr](B),,,,,
Md. Sumon talukder,Md. Sumon talukder,,,,TSO-B,Subi Nayak Aich Rony,Maijdee[Terr](B),Territory,12345,Maijdee[Terr](B)@test.com,Maijdee[Terr](B),,,,,
Md. Taorikul Islam,Md. Taorikul Islam,,,,TM-B,Subi Nayak Aich Rony,Laxmipur[Terr](B),Territory,12345,Laxmipur[Terr](B)@test.com,Laxmipur[Terr](B),,,,,
Blank(Laxmipur[Terr](B)),Blank(Laxmipur[Terr](B)),,,,Blank,Subi Nayak Aich Rony,Raypur[Terr](B),Territory,12345,Raypur[Terr](B)@test.com,Raypur[Terr](B),,,,,
Md. Jamal Uddin(Sonaimuri[Terr](B)),Md. Jamal Uddin(Sonaimuri[Terr](B)),,,,TSO-B,Subi Nayak Aich Rony,Sonaimuri[Terr](B),Territory,12345,Sonaimuri[Terr](B)@test.com,Sonaimuri[Terr](B),,,,,
Md. Monir Hossain,Md. Monir Hossain,,,,TM-B,Shah Shakir Ahmed,Feni[Terr](B),Territory,12345,Feni[Terr](B)@test.com,Feni[Terr](B),,,,,
Blank(Feni[Terr](B)),Blank(Feni[Terr](B)),,,,Blank,Shah Shakir Ahmed,Baroiarhat[Terr](B),Territory,12345,Baroiarhat[Terr](B)@test.com,Baroiarhat[Terr](B),,,,,
Md. Harun-Ur-Rashid,Md. Harun-Ur-Rashid,,,,TSO-B,Shah Shakir Ahmed,Dagon Bhuiyan[Terr](B),Territory,12345,Dagon Bhuiyan[Terr](B)@test.com,Dagon Bhuiyan[Terr](B),,,,,
SM Jahid Mamun,SM Jahid Mamun,,,,TM-B,Md. Mizanur Rahman,Comilla[Terr](B),Territory,12345,Comilla[Terr](B)@test.com,Comilla[Terr](B),,,,,
Mr. Narayan Mazumder,Mr. Narayan Mazumder,,,,TM-B,Md. Mizanur Rahman,Choddogram[Terr](B),Territory,12345,Choddogram[Terr](B)@test.com,Choddogram[Terr](B),,,,,
Md. Jwel Ahmed,Md. Jwel Ahmed,,,,TM-B,Md. Omar Faruk,Laksham[Terr](B),Territory,12345,Laksham[Terr](B)@test.com,Laksham[Terr](B),,,,,
Md. Mofizur Rahman,Md. Mofizur Rahman,,,,TM-B,Md. Mizanur Rahman,Chandina [Terr](B),Territory,12345,Chandina [Terr](B)@test.com,Chandina [Terr](B),,,,,
MD. Abul Kalam Azad(Chandina [Terr](B)),MD. Abul Kalam Azad(Chandina [Terr](B)),,,,TM-B,Md. Omar Faruk,Chandpur[Terr](B),Territory,12345,Chandpur[Terr](B)@test.com,Chandpur[Terr](B),,,,,
Blank(Chandpur[Terr](B)),Blank(Chandpur[Terr](B)),,,,Blank,Md. Omar Faruk,Faridgonj[Terr](B),Territory,12345,Faridgonj[Terr](B)@test.com,Faridgonj[Terr](B),,,,,
Md. Ashad,Md. Ashad,,,,TM-B,Md. Omar Faruk,Hazigonj[Terr](B),Territory,12345,Hazigonj[Terr](B)@test.com,Hazigonj[Terr](B),,,,,
Md.Razu Ahemed,Md.Razu Ahemed,,,,TM-B,Mr. Md. Abu Jafor ,B. Baria[Terr](B),Territory,12345,B. Baria[Terr](B)@test.com,B. Baria[Terr](B),,,,,
Sajol kumar roy,Sajol kumar roy,,,,TM-B,Mr. Md. Abu Jafor ,Companygonj[Terr](B),Territory,12345,Companygonj[Terr](B)@test.com,Companygonj[Terr](B),,,,,
Blank(Companygonj[Terr](B)),Blank(Companygonj[Terr](B)),,,,Blank,Mr. Md. Abu Jafor ,Nobinagar[Terr](B),Territory,12345,Nobinagar[Terr](B)@test.com,Nobinagar[Terr](B),,,,,
Mustafizur Rahaman,Mustafizur Rahaman,,,,TM-B,Mr. Md. Abu Jafor ,Kosba[Terr](B),Territory,12345,Kosba[Terr](B)@test.com,Kosba[Terr](B),,,,,
Blank(Kosba[Terr](B)),Blank(Kosba[Terr](B)),,,,Blank,Mr. Md. Abu Jafor ,Sorail[Terr](B),Territory,12345,Sorail[Terr](B)@test.com,Sorail[Terr](B),,,,,
Md. Abdus Sattar,Md. Abdus Sattar,,,,TM-B,Mr. Md.Yakub ,Sylhet Metro-1[Terr](B),Territory,12345,Sylhet Metro-1[Terr](B)@test.com,Sylhet Metro-1[Terr](B),,,,,
Md. Ahsan Habib,Md. Ahsan Habib,,,,TM-B,Mr. Md.Yakub ,Sylhet Metro-2 [Terr](B),Territory,12345,Sylhet Metro-2 [Terr](B)@test.com,Sylhet Metro-2 [Terr](B),,,,,
Yamin Khan,Yamin Khan,,,,TSO-B,Mr. Md.Yakub ,Tuker Bazar[Terr](B),Territory,12345,Tuker Bazar[Terr](B)@test.com,Tuker Bazar[Terr](B),,,,,
Md. Ariful Islam,Md. Ariful Islam,,,,TM-B,Mr. Md.Yakub ,Jointapur[Terr](B),Territory,12345,Jointapur[Terr](B)@test.com,Jointapur[Terr](B),,,,,
Md. Arifur Rahman,Md. Arifur Rahman,,,,TSO-B,Mr. Md.Yakub ,Chattok[Terr](B),Territory,12345,Chattok[Terr](B)@test.com,Chattok[Terr](B),,,,,
Md. Akbor Ali,Md. Akbor Ali,,,,TSO-B,Mr. Md.Yakub ,Sunamganj [Terr](B),Territory,12345,Sunamganj [Terr](B)@test.com,Sunamganj [Terr](B),,,,,
Md. Kamal Hossain,Md. Kamal Hossain,,,,TM-B,Mozaharul Hoque (Bahar),South Surma[Terr](B),Territory,12345,South Surma[Terr](B)@test.com,South Surma[Terr](B),,,,,
Md. Abdul Hannan,Md. Abdul Hannan,,,,TM-B,Mozaharul Hoque (Bahar),Biswanath[Terr](B),Territory,12345,Biswanath[Terr](B)@test.com,Biswanath[Terr](B),,,,,
Md. Jamal Uddin(Biani Bazar[Terr](B)),Md. Jamal Uddin(Biani Bazar[Terr](B)),,,,TSO-B,Mozaharul Hoque (Bahar),Biani Bazar[Terr](B),Territory,12345,Biani Bazar[Terr](B)@test.com,Biani Bazar[Terr](B),,,,,
Mizanur Rahman,Mizanur Rahman,,,,TSO-B,Md. Nasir Uddin Mandal,Moulovibazar[Terr](B),Territory,12345,Moulovibazar[Terr](B)@test.com,Moulovibazar[Terr](B),,,,,
Abu Sayed,Abu Sayed,,,,ZSO-B,Md. Nasir Uddin Mandal,Baralekha[Terr](B),Territory,12345,Baralekha[Terr](B)@test.com,Baralekha[Terr](B),,,,,
Asaduzzaman(Baralekha[Terr](B)),Asaduzzaman(Baralekha[Terr](B)),,,,TM-B,Md. Nasir Uddin Mandal,Hobigonj[Terr](B),Territory,12345,Hobigonj[Terr](B)@test.com,Hobigonj[Terr](B),,,,,
Rezaul Karim,Rezaul Karim,,,,ZSO-B,Md. Nasir Uddin Mandal,Nobigonj[Terr](B),Territory,12345,Nobigonj[Terr](B)@test.com,Nobigonj[Terr](B),,,,,
Milon Ali Sheikh,Milon Ali Sheikh,,,,TSO-B,Md. Nasir Uddin Mandal,Shayestagonj[Terr](B),Territory,12345,Shayestagonj[Terr](B)@test.com,Shayestagonj[Terr](B),,,,,
Md. Khalilur Rahman,Md. Khalilur Rahman,,,,TM-B,Md. Iqbal Kabir,Rangpur[Terr](B),Territory,12345,Rangpur[Terr](B)@test.com,Rangpur[Terr](B),,,,,
Md. Nazmul Hossain,Md. Nazmul Hossain,,,,TM-B,Md. Iqbal Kabir,Kurigram[Terr](B),Territory,12345,Kurigram[Terr](B)@test.com,Kurigram[Terr](B),,,,,
Md. Masud Rana,Md. Masud Rana,,,,ZSO-B,Md. Iqbal Kabir,Lalmonirhat[Terr](B),Territory,12345,Lalmonirhat[Terr](B)@test.com,Lalmonirhat[Terr](B),,,,,
Md. Moslem Uddin,Md. Moslem Uddin,,,,ZSO-B,Md. Iqbal Kabir,Gaibanda[Terr](B),Territory,12345,Gaibanda[Terr](B)@test.com,Gaibanda[Terr](B),,,,,
Md. Bahadur Alom,Md. Bahadur Alom,,,,TM-B,A.K.M Asadulla Azad,Dinajpur[Terr](B),Territory,12345,Dinajpur[Terr](B)@test.com,Dinajpur[Terr](B),,,,,
Md. Masudur Rahman(Soyedpur[Terr](B)),Md. Masudur Rahman(Soyedpur[Terr](B)),,,,ZSO-B,A.K.M Asadulla Azad,Soyedpur[Terr](B),Territory,12345,Soyedpur[Terr](B)@test.com,Soyedpur[Terr](B),,,,,
Khan Md. Rustom Ali,Khan Md. Rustom Ali,,,,TSO-B,A.K.M Asadulla Azad,Thakurgaon[Terr](B),Territory,12345,Thakurgaon[Terr](B)@test.com,Thakurgaon[Terr](B),,,,,
Abu Hasan sana,Abu Hasan sana,,,,TM-B,S. M. Sohel,Bogra[Terr](B),Territory,12345,Bogra[Terr](B)@test.com,Bogra[Terr](B),,,,,
Md.Arifur Rahman,Md.Arifur Rahman,,,,TSO-B,S. M. Sohel,Noagaon[Terr](B),Territory,12345,Noagaon[Terr](B)@test.com,Noagaon[Terr](B),,,,,
Monzurul Ehsan,Monzurul Ehsan,,,,TM-B,S. M. Sohel,Sirajgonj[Terr](B),Territory,12345,Sirajgonj[Terr](B)@test.com,Sirajgonj[Terr](B),,,,,
Md. Rashed Hasan,Md. Rashed Hasan,,,,TM-B,Mr. Mukul Ali,Rajshahi[Terr](B),Territory,12345,Rajshahi[Terr](B)@test.com,Rajshahi[Terr](B),,,,,
Md. Tariqur Rahman,Md. Tariqur Rahman,,,,ZSO-B,Mr. Mukul Ali,Natore[Terr](B),Territory,12345,Natore[Terr](B)@test.com,Natore[Terr](B),,,,,
Md.Mainul Islam,Md.Mainul Islam,,,,TSO-B,Mr. Mukul Ali,Pabna[Terr](B),Territory,12345,Pabna[Terr](B)@test.com,Pabna[Terr](B),,,,,
Ashadur Rahaman,Ashadur Rahaman,,,,TSO-B,Mr. Noor Nawaz Khan,Khulna[Terr](B),Territory,12345,Khulna[Terr](B)@test.com,Khulna[Terr](B),,,,,
Ashadur Zaman,Ashadur Zaman,,,,TSO-B,Mr. Noor Nawaz Khan,Bagerhat[Terr](B),Territory,12345,Bagerhat[Terr](B)@test.com,Bagerhat[Terr](B),,,,,
Rafiqul Islam,Rafiqul Islam,,,,ZSO-B,Mr. Noor Nawaz Khan,Pirojpur[Terr](B),Territory,12345,Pirojpur[Terr](B)@test.com,Pirojpur[Terr](B),,,,,
Monirul Islam(Satkhira[Terr](B)),Monirul Islam(Satkhira[Terr](B)),,,,TSO-B,Mr. Noor Nawaz Khan,Satkhira[Terr](B),Territory,12345,Satkhira[Terr](B)@test.com,Satkhira[Terr](B),,,,,
Dedarul Alom,Dedarul Alom,,,,TM-B,Mr. Md. Shamimul Islam Methu,Jessore[Terr](B),Territory,12345,Jessore[Terr](B)@test.com,Jessore[Terr](B),,,,,
Sakawat Hassain,Sakawat Hassain,,,,ZSO-B,Mr. Md. Shamimul Islam Methu,Jhenaidah[Terr](B),Territory,12345,Jhenaidah[Terr](B)@test.com,Jhenaidah[Terr](B),,,,,
Shahin Alom,Shahin Alom,,,,TSO-B,Mr. Md. Shamimul Islam Methu,Norail[Terr](B),Territory,12345,Norail[Terr](B)@test.com,Norail[Terr](B),,,,,
Ibadul Hossain Khan,Ibadul Hossain Khan,,,,TSO-B,Mr. Md. Shamimul Islam Methu,Kustia[Terr](B),Territory,12345,Kustia[Terr](B)@test.com,Kustia[Terr](B),,,,,
Sajibur Rahman,Sajibur Rahman,,,,ZSO-B,Mr. Md. Shamimul Islam Methu,chuadanga[Terr](B),Territory,12345,chuadanga[Terr](B)@test.com,chuadanga[Terr](B),,,,,
Akher Hossain,Akher Hossain,,,,TSO-B,Md. Abdul Malek(Barishal[Reg](B)),Barishal[Terr](B),Territory,12345,Barishal[Terr](B)@test.com,Barishal[Terr](B),,,,,
Mohi Uddin Mollah,Mohi Uddin Mollah,,,,TSO-B,Md. Abdul Malek(Barishal[Reg](B)),Bhola[Terr](B),Territory,12345,Bhola[Terr](B)@test.com,Bhola[Terr](B),,,,,
Shafiqul Islam,Shafiqul Islam,,,,ZSO-B,Md. Abdul Malek(Barishal[Reg](B)),Jhalokathi[Terr](B),Territory,12345,Jhalokathi[Terr](B)@test.com,Jhalokathi[Terr](B),,,,,
Shakhaut Hossain,Shakhaut Hossain,,,,ZSO-B,Md. Abdul Malek(Barishal[Reg](B)),Torki[Terr](B),Territory,12345,Torki[Terr](B)@test.com,Torki[Terr](B),,,,,
Halim Uzzaman(Torki[Terr](B)),Halim Uzzaman(Torki[Terr](B)),,,,TSO-B,Md. Abdul Malek(Patuakhali[Reg](B)),Potuakhali[Terr](B),Territory,12345,Potuakhali[Terr](B)@test.com,Potuakhali[Terr](B),,,,,
Halim Uzzaman(Potuakhali[Terr](B)),Halim Uzzaman(Potuakhali[Terr](B)),,,,TSO-B,Md. Abdul Malek(Patuakhali[Reg](B)),Borguna[Terr](B),Territory,12345,Borguna[Terr](B)@test.com,Borguna[Terr](B),,,,,
Abdullaha,Abdullaha,,,,TSO-B,Md. Abdul Malek(Patuakhali[Reg](B)),Motbaria[Terr](B),Territory,12345,Motbaria[Terr](B)@test.com,Motbaria[Terr](B),,,,,
Abul Kalam Azed,Abul Kalam Azed,,,,TSO-B,Md. Abdus Salam,Faridpur[Terr](B),Territory,12345,Faridpur[Terr](B)@test.com,Faridpur[Terr](B),,,,,
Blank(Faridpur[Terr](B)),Blank(Faridpur[Terr](B)),,,,Blank,Md. Abdus Salam,Rajbari[Terr](B),Territory,12345,Rajbari[Terr](B)@test.com,Rajbari[Terr](B),,,,,
Sharif Shariful Islam,Sharif Shariful Islam,,,,TSO-B,Md. Abdus Salam,Madaripur[Terr](B),Territory,12345,Madaripur[Terr](B)@test.com,Madaripur[Terr](B),,,,,
Md. Abdullah,Md. Abdullah,,,,TM-B,Md. Abdus Salam,Gopalgonj[Terr](B),Territory,12345,Gopalgonj[Terr](B)@test.com,Gopalgonj[Terr](B),,,,,
Abul Khayer,Abul Khayer,,,,ZSO-B,Md. Abdus Salam,Vhanga[Terr](B),Territory,12345,Vhanga[Terr](B)@test.com,Vhanga[Terr](B),,,,,
Md. Tobibur Rahman Liton,Md. Tobibur Rahman Liton,,,,Sr.AGM-C,Asif Iqbal,Sr.AGM-C,PL,12345,Sr.AGM-C@test.com,,,,,,
Md. Ahsanullah,Md. Ahsanullah,,,,Sr.Mgr-C,Md. Tobibur Rahman Liton,Sr.Mgr-C,PL,12345,Sr.Mgr-C@test.com,,,,,,
Blank(PL-C(Dhaka East)),Blank(PL-C(Dhaka East)),,,,Blank,Md. Ahsanullah,PL-C(Dhaka East),Wing,12345,PL-C(Dhaka East)@test.com,PL-C(Dhaka East),,,,,
Blank(PL-C(Dhaka West)),Blank(PL-C(Dhaka West)),,,,Blank,Md. Ahsanullah,PL-C(Dhaka West),Wing,12345,PL-C(Dhaka West)@test.com,PL-C(Dhaka West),,,,,
Blank(PL-C(Chittagong Wing)),Blank(PL-C(Chittagong Wing)),,,,Blank,Md. Ahsanullah,PL-C(Chittagong Wing),Wing,12345,PL-C(Chittagong Wing)@test.com,PL-C(Chittagong Wing),,,,,
Blank(PL-C(Comilla Wing)),Blank(PL-C(Comilla Wing)),,,,Blank,Md. Ahsanullah,PL-C(Comilla Wing),Wing,12345,PL-C(Comilla Wing)@test.com,PL-C(Comilla Wing),,,,,
Blank(PL-C(Sylhet)),Blank(PL-C(Sylhet)),,,,Blank,Md. Ahsanullah,PL-C(Sylhet),Wing,12345,PL-C(Sylhet)@test.com,PL-C(Sylhet),,,,,
Blank(PL-C(North Bengal)),Blank(PL-C(North Bengal)),,,,Blank,Md. Ahsanullah,PL-C(North Bengal),Wing,12345,PL-C(North Bengal)@test.com,PL-C(North Bengal),,,,,
Blank(PL-C(South Bengal)),Blank(PL-C(South Bengal)),,,,Blank,Md. Ahsanullah,PL-C(South Bengal),Wing,12345,PL-C(South Bengal)@test.com,PL-C(South Bengal),,,,,
Md.Omar Faruk,Md.Omar Faruk,,,,AM-C,Blank(PL-C(Dhaka East)),Narayangonj[Div](C),Division,12345,Narayangonj[Div](C)@test.com,Narayangonj[Div](C),,,,,
S M Al Masud,S M Al Masud,,,,DSM-C,Blank(PL-C(Dhaka East)),Dhaka South[Div](C),Division,12345,Dhaka South[Div](C)@test.com,Dhaka South[Div](C),,,,,
Shamim Din Mohammad(Dhaka North[Div](C)),Shamim Din Mohammad(Dhaka North[Div](C)),,,,AM-C,Blank(PL-C(Dhaka East)),Dhaka North[Div](C),Division,12345,Dhaka North[Div](C)@test.com,Dhaka North[Div](C),,,,,
Md. Shariful Islam,Md. Shariful Islam,,,,DSM-C,Blank(PL-C(Dhaka West)),Dhaka Metro[Div](C),Division,12345,Dhaka Metro[Div](C)@test.com,Dhaka Metro[Div](C),,,,,
Shamim Din Mohammad(Gazipur[Div](C)),Shamim Din Mohammad(Gazipur[Div](C)),,,,Act.AM-C,Blank(PL-C(Dhaka West)),Gazipur[Div](C),Division,12345,Gazipur[Div](C)@test.com,Gazipur[Div](C),,,,,
Shamim Din Mohammad(Mymensingh[Div](C)),Shamim Din Mohammad(Mymensingh[Div](C)),,,,Act.AM-C,Blank(PL-C(Dhaka West)),Mymensingh[Div](C),Division,12345,Mymensingh[Div](C)@test.com,Mymensingh[Div](C),,,,,
Md.Shamim Hossain Khan,Md.Shamim Hossain Khan,,,,Act.AM-C,Blank(PL-C(Chittagong Wing)),Chittagong-1[Div](C),Division,12345,Chittagong-1[Div](C)@test.com,Chittagong-1[Div](C),,,,,
Sheikh Abdur Rahim,Sheikh Abdur Rahim,,,,Act.AM-C,Blank(PL-C(Chittagong Wing)),Chittagong-2[Div](C),Division,12345,Chittagong-2[Div](C)@test.com,Chittagong-2[Div](C),,,,,
Md.Humaiyan Kobir(Noakhali[Div](C)),Md.Humaiyan Kobir(Noakhali[Div](C)),,,,Act.AM-C,Blank(PL-C(Comilla Wing)),Noakhali[Div](C),Division,12345,Noakhali[Div](C)@test.com,Noakhali[Div](C),,,,,
Md.Humaiyan Kobir(Comilla[Div](C)),Md.Humaiyan Kobir(Comilla[Div](C)),,,,Act.AM-C,Blank(PL-C(Comilla Wing)),Comilla[Div](C),Division,12345,Comilla[Div](C)@test.com,Comilla[Div](C),,,,,
Md. Nurul Islam(Sylhet[Div](C)),Md. Nurul Islam(Sylhet[Div](C)),,,,Act.AM-C,Blank(PL-C(Sylhet)),Sylhet[Div](C),Division,12345,Sylhet[Div](C)@test.com,Sylhet[Div](C),,,,,
Md. Abdul Mannan(Rangpur[Div](C)),Md. Abdul Mannan(Rangpur[Div](C)),,,,Act.AM-C,Blank(PL-C(North Bengal)),Rangpur[Div](C),Division,12345,Rangpur[Div](C)@test.com,Rangpur[Div](C),,,,,
Md. Abdul Mannan(Bogra[Div](C)),Md. Abdul Mannan(Bogra[Div](C)),,,,Act.AM-C,Blank(PL-C(North Bengal)),Bogra[Div](C),Division,12345,Bogra[Div](C)@test.com,Bogra[Div](C),,,,,
Md. Rezaul Karim(Khulna[Div](C)),Md. Rezaul Karim(Khulna[Div](C)),,,,Act.AM-C,Blank(PL-C(South Bengal)),Khulna[Div](C),Division,12345,Khulna[Div](C)@test.com,Khulna[Div](C),,,,,
Md. Rezaul Karim(Barisal[Div](C)),Md. Rezaul Karim(Barisal[Div](C)),,,,Act.AM-C,Blank(PL-C(South Bengal)),Barisal[Div](C),Division,12345,Barisal[Div](C)@test.com,Barisal[Div](C),,,,,
Md. Geash Uddin,Md. Geash Uddin,,,,TM-C,Md.Omar Faruk,Narayangonj[Reg](C),Region,12345,Narayangonj[Reg](C)@test.com,Narayangonj[Reg](C),,,,,
Kritibash Roy,Kritibash Roy,,,,RM-C,Md.Omar Faruk,Narshingdi[Reg](C),Region,12345,Narshingdi[Reg](C)@test.com,Narshingdi[Reg](C),,,,,
Md.Nazmul Haque(Khilgaon[Reg](C)),Md.Nazmul Haque(Khilgaon[Reg](C)),,,,RM-C,S M Al Masud,Khilgaon[Reg](C),Region,12345,Khilgaon[Reg](C)@test.com,Khilgaon[Reg](C),,,,,
Md.Atiqul Islam,Md.Atiqul Islam,,,,DSM-C,S M Al Masud,Jatrabari[Reg](C),Region,12345,Jatrabari[Reg](C)@test.com,Jatrabari[Reg](C),,,,,
Abdul Kuddus,Abdul Kuddus,,,,RM-C,Shamim Din Mohammad(Dhaka North[Div](C)),Gulshan[Reg](C),Region,12345,Gulshan[Reg](C)@test.com,Gulshan[Reg](C),,,,,
Indrojit Bonik,Indrojit Bonik,,,,DSM-C,Shamim Din Mohammad(Dhaka North[Div](C)),Uttara[Reg](C),Region,12345,Uttara[Reg](C)@test.com,Uttara[Reg](C),,,,,
G.M Rofiqul Islam,G.M Rofiqul Islam,,,,RM-C,Md. Shariful Islam,Mirpur[Reg](C),Region,12345,Mirpur[Reg](C)@test.com,Mirpur[Reg](C),,,,,
Md. Emdadul Hoque,Md. Emdadul Hoque,,,,RM-C,Md. Shariful Islam,Mohammadpur[Reg](C),Region,12345,Mohammadpur[Reg](C)@test.com,Mohammadpur[Reg](C),,,,,
Md. Asraful Alam,Md. Asraful Alam,,,,RM-C,Md. Shariful Islam,Lalbag[Reg](C),Region,12345,Lalbag[Reg](C)@test.com,Lalbag[Reg](C),,,,,
Md. Jahidul Bin Mostofa,Md. Jahidul Bin Mostofa,,,,RM-C,Shamim Din Mohammad(Gazipur[Div](C)),Gazipur[Reg](C),Region,12345,Gazipur[Reg](C)@test.com,Gazipur[Reg](C),,,,,
Rustom Ali,Rustom Ali,,,,RM-C,Shamim Din Mohammad(Gazipur[Div](C)),Savar[Reg](C),Region,12345,Savar[Reg](C)@test.com,Savar[Reg](C),,,,,
Md. Jahangir Alam(Mymensingh[Reg](C)),Md. Jahangir Alam(Mymensingh[Reg](C)),,,,RM-C,Shamim Din Mohammad(Mymensingh[Div](C)),Mymensingh[Reg](C),Region,12345,Mymensingh[Reg](C)@test.com,Mymensingh[Reg](C),,,,,
Md.Taufiq Elahi,Md.Taufiq Elahi,,,,RM-C,Shamim Din Mohammad(Mymensingh[Div](C)),Tangail[Reg](C),Region,12345,Tangail[Reg](C)@test.com,Tangail[Reg](C),,,,,
Md.Anowarul Karim,Md.Anowarul Karim,,,,RM-C,Md.Shamim Hossain Khan,Ctg. North[Reg](C),Region,12345,Ctg. North[Reg](C)@test.com,Ctg. North[Reg](C),,,,,
Md. Alamgir Firoz Shamim,Md. Alamgir Firoz Shamim,,,,RM-C,Md.Shamim Hossain Khan,Potiya[Reg](C),Region,12345,Potiya[Reg](C)@test.com,Potiya[Reg](C),,,,,
Imran Khan,Imran Khan,,,,RM-C,Md.Shamim Hossain Khan,Cox's Bazar[Reg](C),Region,12345,Cox's Bazar[Reg](C)@test.com,Cox's Bazar[Reg](C),,,,,
Md. Omar Faruque,Md. Omar Faruque,,,,RM-C,Sheikh Abdur Rahim,Ctg. Metro[Reg](C),Region,12345,Ctg. Metro[Reg](C)@test.com,Ctg. Metro[Reg](C),,,,,
Blank(Hathazari[Reg](C)),Blank(Hathazari[Reg](C)),,,,Blank,Sheikh Abdur Rahim,Hathazari[Reg](C),Region,12345,Hathazari[Reg](C)@test.com,Hathazari[Reg](C),,,,,
Blank(Direct Party[Reg](C)),Blank(Direct Party[Reg](C)),,,,Blank,Sheikh Abdur Rahim,Direct Party[Reg](C),Region,12345,Direct Party[Reg](C)@test.com,Direct Party[Reg](C),,,,,
Rakibul Islam,Rakibul Islam,,,,RM-C,Md.Humaiyan Kobir(Noakhali[Div](C)),Noakhali[Reg](C),Region,12345,Noakhali[Reg](C)@test.com,Noakhali[Reg](C),,,,,
Md.Abul Kalam Azad,Md.Abul Kalam Azad,,,,RM-C,Md.Humaiyan Kobir(Noakhali[Div](C)),Feni[Reg](C),Region,12345,Feni[Reg](C)@test.com,Feni[Reg](C),,,,,
Shariful Alam Sarkar,Shariful Alam Sarkar,,,,RM-C,Md.Humaiyan Kobir(Comilla[Div](C)),Comilla[Reg](C),Region,12345,Comilla[Reg](C)@test.com,Comilla[Reg](C),,,,,
Arup Kumar Das,Arup Kumar Das,,,,RM-C,Md.Humaiyan Kobir(Comilla[Div](C)),Chandpur[Reg](C),Region,12345,Chandpur[Reg](C)@test.com,Chandpur[Reg](C),,,,,
Md.Mizan Uddin,Md.Mizan Uddin,,,,RM-C,Md.Humaiyan Kobir(Comilla[Div](C)),B. Baria[Reg](C),Region,12345,B. Baria[Reg](C)@test.com,B. Baria[Reg](C),,,,,
Md. Hannan Chowdury,Md. Hannan Chowdury,,,,RM-C,Md. Nurul Islam,Sylhet North[Reg](C),Region,12345,Sylhet North[Reg](C)@test.com,Sylhet North[Reg](C),,,,,
Md. Mizanur Rahman(Sylhet South[Reg](C)),Md. Mizanur Rahman(Sylhet South[Reg](C)),,,,RM-C,Md. Nurul Islam,Sylhet South[Reg](C),Region,12345,Sylhet South[Reg](C)@test.com,Sylhet South[Reg](C),,,,,
Md. Monir Hossain(Sreemangal[Reg](C)),Md. Monir Hossain(Sreemangal[Reg](C)),,,,RM-C,Md. Nurul Islam,Sreemangal[Reg](C),Region,12345,Sreemangal[Reg](C)@test.com,Sreemangal[Reg](C),,,,,
Toimur Rahman,Toimur Rahman,,,,RM-C,Md. Abdul Mannan(Rangpur[Div](C)),Rangpur[Reg](C),Region,12345,Rangpur[Reg](C)@test.com,Rangpur[Reg](C),,,,,
Blank(Dinajpur[Reg](C)),Blank(Dinajpur[Reg](C)),,,,Blank,Md. Abdul Mannan(Rangpur[Div](C)),Dinajpur[Reg](C),Region,12345,Dinajpur[Reg](C)@test.com,Dinajpur[Reg](C),,,,,
Md. Faruk Hossain,Md. Faruk Hossain,,,,RM-C,Md. Abdul Mannan(Bogra[Div](C)),Bogra[Reg](C),Region,12345,Bogra[Reg](C)@test.com,Bogra[Reg](C),,,,,
Md. Iqbal Nobi,Md. Iqbal Nobi,,,,TM-C,Md. Abdul Mannan(Bogra[Div](C)),Rajshahi[Reg](C),Region,12345,Rajshahi[Reg](C)@test.com,Rajshahi[Reg](C),,,,,
Md. Abu Tayab,Md. Abu Tayab,,,,RM-C,Md. Rezaul Karim(Khulna[Div](C)),Khulna[Reg](C),Region,12345,Khulna[Reg](C)@test.com,Khulna[Reg](C),,,,,
Blank(Jessore[Reg](C)),Blank(Jessore[Reg](C)),,,,Blank,Md. Rezaul Karim(Khulna[Div](C)),Jessore[Reg](C),Region,12345,Jessore[Reg](C)@test.com,Jessore[Reg](C),,,,,
Kh. Motiur Rahman,Kh. Motiur Rahman,,,,RM-C,Md. Rezaul Karim(Barisal[Div](C)),Barisal[Reg](C),Region,12345,Barisal[Reg](C)@test.com,Barisal[Reg](C),,,,,
Blank(Potuakhali[Reg](C)),Blank(Potuakhali[Reg](C)),,,,Blank,Md. Rezaul Karim(Barisal[Div](C)),Potuakhali[Reg](C),Region,12345,Potuakhali[Reg](C)@test.com,Potuakhali[Reg](C),,,,,
Md. Hemayet Hossain,Md. Hemayet Hossain,,,,RM-C,Md. Rezaul Karim(Barisal[Div](C)),Faridpur[Reg](C),Region,12345,Faridpur[Reg](C)@test.com,Faridpur[Reg](C),,,,,
Julfikar Ali,Julfikar Ali,,,,TM-C,Md. Geash Uddin,Narayangonj[Terr](C),Territory,12345,Narayangonj[Terr](C)@test.com,Narayangonj[Terr](C),,,,,
Rony Mridha,Rony Mridha,,,,ZSO-C,Md. Geash Uddin,Bondor[Terr](C),Territory,12345,Bondor[Terr](C)@test.com,Bondor[Terr](C),,,,,
Md. Shamsul Alam,Md. Shamsul Alam,,,,TM-C,Md. Geash Uddin,Fatulla[Terr](C),Territory,12345,Fatulla[Terr](C)@test.com,Fatulla[Terr](C),,,,,
Aminul Islam(Adamjee[Terr](C)),Aminul Islam(Adamjee[Terr](C)),,,,TM-C,Md. Geash Uddin,Adamjee[Terr](C),Territory,12345,Adamjee[Terr](C)@test.com,Adamjee[Terr](C),,,,,
AHM Fosiuzzaman,AHM Fosiuzzaman,,,,TM-C,Md. Geash Uddin,Demra[Terr](C),Territory,12345,Demra[Terr](C)@test.com,Demra[Terr](C),,,,,
Md. Jahidul Islam,Md. Jahidul Islam,,,,ZSO-C,Md. Geash Uddin,Sonargaon[Terr](C),Territory,12345,Sonargaon[Terr](C)@test.com,Sonargaon[Terr](C),,,,,
Toffazol Hossain,Toffazol Hossain,,,,TM-C,Kritibash Roy,Narshingdi[Terr](C),Territory,12345,Narshingdi[Terr](C)@test.com,Narshingdi[Terr](C),,,,,
Maksudur Rahman(Bhairab[Terr](C)),Maksudur Rahman(Bhairab[Terr](C)),,,,ZSO-C,Kritibash Roy,Bhairab[Terr](C),Territory,12345,Bhairab[Terr](C)@test.com,Bhairab[Terr](C),,,,,
Maksudur Rahman(Kishoreganj[Terr](C)),Maksudur Rahman(Kishoreganj[Terr](C)),,,,ZSO-C,Kritibash Roy,Kishoreganj[Terr](C),Territory,12345,Kishoreganj[Terr](C)@test.com,Kishoreganj[Terr](C),,,,,
Md. Akram Hossain,Md. Akram Hossain,,,,ZSO-C,Kritibash Roy,Rupgonj[Terr](C),Territory,12345,Rupgonj[Terr](C)@test.com,Rupgonj[Terr](C),,,,,
Touhid,Touhid,,,,ZSO-C,Md.Nazmul Haque(Khilgaon[Reg](C)),Fakirapul [Terr] (C),Territory,12345,Fakirapul [Terr] (C)@test.com,Fakirapul [Terr] (C),,,,,
Md.Abdur Rakib,Md.Abdur Rakib,,,,TM-C,Md.Nazmul Haque(Khilgaon[Reg](C)),Khilgaon[Terr](C),Territory,12345,Khilgaon[Terr](C)@test.com,Khilgaon[Terr](C),,,,,
Md.Kawser Hossain,Md.Kawser Hossain,,,,ZSO-C,Md.Nazmul Haque(Khilgaon[Reg](C)),Mowlovi Bazar[Terr](C),Territory,12345,Mowlovi Bazar[Terr](C)@test.com,Mowlovi Bazar[Terr](C),,,,,
Ismail Hossain,Ismail Hossain,,,,TM-C,Md.Nazmul Haque(Khilgaon[Reg](C)),Basabo[Terr](C),Territory,12345,Basabo[Terr](C)@test.com,Basabo[Terr](C),,,,,
Md.Alauddin,Md.Alauddin,,,,ZSO-C,Md.Nazmul Haque(Khilgaon[Reg](C)),Kaptan Bazar[Terr](C),Territory,12345,Kaptan Bazar[Terr](C)@test.com,Kaptan Bazar[Terr](C),,,,,
Imdadul Haq Molla,Imdadul Haq Molla,,,,TM-C,Md.Atiqul Islam,Jatrabari[Terr](C),Territory,12345,Jatrabari[Terr](C)@test.com,Jatrabari[Terr](C),,,,,
Aminul Islam(Jurain[Terr](C)),Aminul Islam(Jurain[Terr](C)),,,,TM-C,Md.Atiqul Islam,Jurain[Terr](C),Territory,12345,Jurain[Terr](C)@test.com,Jurain[Terr](C),,,,,
Ashrafuddin,Ashrafuddin,,,,ZSO-C,Md.Atiqul Islam,Gendaria[Terr](C),Territory,12345,Gendaria[Terr](C)@test.com,Gendaria[Terr](C),,,,,
Mukul Hossain,Mukul Hossain,,,,TM-C,Md.Atiqul Islam,Sreenagar[Terr](C),Territory,12345,Sreenagar[Terr](C)@test.com,Sreenagar[Terr](C),,,,,
Blank,Blank,,,,Blank,Md.Atiqul Islam,Nababgonj[Terr](C),Territory,12345,Nababgonj[Terr](C)@test.com,Nababgonj[Terr](C),,,,,
Jahidul Islam,Jahidul Islam,,,,TM-C,Md.Atiqul Islam,Zinzira[Terr](C),Territory,12345,Zinzira[Terr](C)@test.com,Zinzira[Terr](C),,,,,
Muklesur Rahman,Muklesur Rahman,,,,TM-C,Abdul Kuddus,Mohakhali[Terr](C),Territory,12345,Mohakhali[Terr](C)@test.com,Mohakhali[Terr](C),,,,,
Md.Palash Matabbar,Md.Palash Matabbar,,,,ZSO-C,Abdul Kuddus,Gulshan[Terr](C),Territory,12345,Gulshan[Terr](C)@test.com,Gulshan[Terr](C),,,,,
Md.Murad Hossain,Md.Murad Hossain,,,,ZSO-C,Abdul Kuddus,Badda[Terr](C),Territory,12345,Badda[Terr](C)@test.com,Badda[Terr](C),,,,,
Md.Jafor ullah,Md.Jafor ullah,,,,TM-C,Abdul Kuddus,Kawran Bazar[Terr](C),Territory,12345,Kawran Bazar[Terr](C)@test.com,Kawran Bazar[Terr](C),,,,,
Abu Bakker Siddique(Malibag[Terr](C)),Abu Bakker Siddique(Malibag[Terr](C)),,,,TM-C,Abdul Kuddus,Malibagh[Terr](C),Territory,12345,Malibagh[Terr](C)@test.com,Malibagh[Terr](C),,,,,
Shamim Mia,Shamim Mia,,,,TM-C,Indrojit Bonik,Khilkhet[Terr](C),Territory,12345,Khilkhet[Terr](C)@test.com,Khilkhet[Terr](C),,,,,
Saifudin Ahmed,Saifudin Ahmed,,,,TM-C,Indrojit Bonik,Dakkhin Khan[Terr](C),Territory,12345,Dakkhin Khan[Terr](C)@test.com,Dakkhin Khan[Terr](C),,,,,
Rashedul Islam,Rashedul Islam,,,,TM-C,Indrojit Bonik,Uttara[Terr](C),Territory,12345,Uttara[Terr](C)@test.com,Uttara[Terr](C),,,,,
Md.Shohidullah,Md.Shohidullah,,,,TM-C,Indrojit Bonik,Tongi[Terr](C),Territory,12345,Tongi[Terr](C)@test.com,Tongi[Terr](C),,,,,
Moshraf Hossain,Moshraf Hossain,,,,TM-C,Indrojit Bonik,Mirer Bazar[Terr](C),Territory,12345,Mirer Bazar[Terr](C)@test.com,Mirer Bazar[Terr](C),,,,,
Tahazzad Hossain,Tahazzad Hossain,,,,TM-C,G.M Rofiqul Islam,Mirpur-1[Terr](C),Territory,12345,Mirpur-1[Terr](C)@test.com,Mirpur-1[Terr](C),,,,,
Babul Mia,Babul Mia,,,,TM-C,G.M Rofiqul Islam,Mirpur-2[Terr](C),Territory,12345,Mirpur-2[Terr](C)@test.com,Mirpur-2[Terr](C),,,,,
Hamidul Islam,Hamidul Islam,,,,TM-C,G.M Rofiqul Islam,Pallobi[Terr](C),Territory,12345,Pallobi[Terr](C)@test.com,Pallobi[Terr](C),,,,,
Md. Asaduzzaman,Md. Asaduzzaman,,,,TM-C,G.M Rofiqul Islam,Kachukhet[Terr](C),Territory,12345,Kachukhet[Terr](C)@test.com,Kachukhet[Terr](C),,,,,
Khan Farid,Khan Farid,,,,TM-C,G.M Rofiqul Islam,Dhamalkot[Terr](C),Territory,12345,Dhamalkot[Terr](C)@test.com,Dhamalkot[Terr](C),,,,,
Md. Moynul Hasen,Md. Moynul Hasen,,,,TM-C,Md. Emdadul Hoque,Mohammadpur[Terr](C),Territory,12345,Mohammadpur[Terr](C)@test.com,Mohammadpur[Terr](C),,,,,
Nazmul Haque(Dhanmondi[Terr](C)),Nazmul Haque(Dhanmondi[Terr](C)),,,,ZSO-C,Md. Emdadul Hoque,Dhanmondi[Terr](C),Territory,12345,Dhanmondi[Terr](C)@test.com,Dhanmondi[Terr](C),,,,,
Nazmul Haque(New Market[Terr](C)),Nazmul Haque(New Market[Terr](C)),,,,Act.ZSO-C,Md. Emdadul Hoque,New Market[Terr](C),Territory,12345,New Market[Terr](C)@test.com,New Market[Terr](C),,,,,
Md. Tohidur Rahman,Md. Tohidur Rahman,,,,TM-C,Md. Emdadul Hoque,Krishi Market[Terr](C),Territory,12345,Krishi Market[Terr](C)@test.com,Krishi Market[Terr](C),,,,,
Azadul Islam,Azadul Islam,,,,TM-C,Md. Asraful Alam,Lalbag[Terr](C),Territory,12345,Lalbag[Terr](C)@test.com,Lalbag[Terr](C),,,,,
Omar Faruk,Omar Faruk,,,,TM-C,Md. Asraful Alam,Kamrangirchor[Terr](C),Territory,12345,Kamrangirchor[Terr](C)@test.com,Kamrangirchor[Terr](C),,,,,
Alamgir Siddique,Alamgir Siddique,,,,TM-C,Md. Jahidul Bin Mostofa,Gazipura[Terr](C),Territory,12345,Gazipura[Terr](C)@test.com,Gazipura[Terr](C),,,,,
Md. Ayub Hossain,Md. Ayub Hossain,,,,TM-C,Md. Jahidul Bin Mostofa,Konabari[Terr](C),Territory,12345,Konabari[Terr](C)@test.com,Konabari[Terr](C),,,,,
Md. Abu Hanif,Md. Abu Hanif,,,,TM-C,Md. Jahidul Bin Mostofa,Joydebpur[Terr](C),Territory,12345,Joydebpur[Terr](C)@test.com,Joydebpur[Terr](C),,,,,
Blank(Rajendropur[Terr](C)),Blank(Rajendropur[Terr](C)),,,,Blank,Md. Jahidul Bin Mostofa,Rajendropur[Terr](C),Territory,12345,Rajendropur[Terr](C)@test.com,Rajendropur[Terr](C),,,,,
Md. Mizanur Rahman(Bormi[Terr](C)),Md. Mizanur Rahman(Bormi[Terr](C)),,,,TM-C,Md. Jahidul Bin Mostofa,Bormi[Terr](C),Territory,12345,Bormi[Terr](C)@test.com,Bormi[Terr](C),,,,,
Md. Robiul Islam,Md. Robiul Islam,,,,ZSO-C,Rustom Ali,Savar[Terr](C),Territory,12345,Savar[Terr](C)@test.com,Savar[Terr](C),,,,,
Md.Shahinur Islam,Md.Shahinur Islam,,,,TM-C,Rustom Ali,EPZ[Terr](C),Territory,12345,EPZ[Terr](C)@test.com,EPZ[Terr](C),,,,,
Blank(Manikgonj[Terr](C)),Blank(Manikgonj[Terr](C)),,,,Blank,Rustom Ali,Manikgonj[Terr](C),Territory,12345,Manikgonj[Terr](C)@test.com,Manikgonj[Terr](C),,,,,
Sohel Rana(Ashulia[Terr](C)),Sohel Rana(Ashulia[Terr](C)),,,,TM-C,Rustom Ali,Ashulia[Terr](C),Territory,12345,Ashulia[Terr](C)@test.com,Ashulia[Terr](C),,,,,
Md. Abdus Satter Bhuiyan(Mymensingh[Terr](C)),Md. Abdus Satter Bhuiyan(Mymensingh[Terr](C)),,,,ZSO-C,Md. Jahangir Alam(Mymensingh[Reg](C)),Mymensingh[Terr](C),Territory,12345,Mymensingh[Terr](C)@test.com,Mymensingh[Terr](C),,,,,
Md. Abdus Satter Bhuiyan(Valuka[Terr](C)),Md. Abdus Satter Bhuiyan(Valuka[Terr](C)),,,,Act.ZSO-C,Md. Jahangir Alam(Mymensingh[Reg](C)),Valuka[Terr](C),Territory,12345,Valuka[Terr](C)@test.com,Valuka[Terr](C),,,,,
Md. Alamgir Hossain,Md. Alamgir Hossain,,,,ZSO-C,Md. Jahangir Alam(Mymensingh[Reg](C)),Netrokona[Terr](C),Territory,12345,Netrokona[Terr](C)@test.com,Netrokona[Terr](C),,,,,
Blank(Fulpur[Terr](C)),Blank(Fulpur[Terr](C)),,,,Blank,Md. Jahangir Alam(Mymensingh[Reg](C)),Fulpur[Terr](C),Territory,12345,Fulpur[Terr](C)@test.com,Fulpur[Terr](C),,,,,
Md. Selim Uddin,Md. Selim Uddin,,,,ZSO-C,Md. Jahangir Alam(Mymensingh[Reg](C)),Sherpur[Terr](C),Territory,12345,Sherpur[Terr](C)@test.com,Sherpur[Terr](C),,,,,
Hafizur Rahman,Hafizur Rahman,,,,TM-C,Md.Taufiq Elahi,Tangail[Terr](C),Territory,12345,Tangail[Terr](C)@test.com,Tangail[Terr](C),,,,,
Blank(Modupur[Terr](C)),Blank(Modupur[Terr](C)),,,,Blank,Md.Taufiq Elahi,Modupur[Terr](C),Territory,12345,Modupur[Terr](C)@test.com,Modupur[Terr](C),,,,,
Moklesur Rahman(Jamalpur[Terr](C)),Moklesur Rahman(Jamalpur[Terr](C)),,,,TM-C,Md.Taufiq Elahi,Jamalpur[Terr](C),Territory,12345,Jamalpur[Terr](C)@test.com,Jamalpur[Terr](C),,,,,
Md. Mahfuz Alam,Md. Mahfuz Alam,,,,TM-C,Md.Anowarul Karim,Rangunia[Terr](C),Territory,12345,Rangunia[Terr](C)@test.com,Rangunia[Terr](C),,,,,
Rana Barua,Rana Barua,,,,TM-C,Md.Anowarul Karim,Bahaddarhat[Terr](C),Territory,12345,Bahaddarhat[Terr](C)@test.com,Bahaddarhat[Terr](C),,,,,
Md. Asraful Islam,Md. Asraful Islam,,,,TM-C,Md.Anowarul Karim,Riazuddin Bazar[Terr](C),Territory,12345,Riazuddin Bazar[Terr](C)@test.com,Riazuddin Bazar[Terr](C),,,,,
Sumon ,Sumon ,,,,ZSO-C,Md. Alamgir Firoz Shamim,Potiya[Terr](C),Territory,12345,Potiya[Terr](C)@test.com,Potiya[Terr](C),,,,,
Md. Rubel Patuary,Md. Rubel Patuary,,,,ZSO-C,Md. Alamgir Firoz Shamim,Amirabad[Terr](C),Territory,12345,Amirabad[Terr](C)@test.com,Amirabad[Terr](C),,,,,
Md. Elias,Md. Elias,,,,TM-C,Md. Alamgir Firoz Shamim,Anowara[Terr](C),Territory,12345,Anowara[Terr](C)@test.com,Anowara[Terr](C),,,,,
Ahasan Habib,Ahasan Habib,,,,TM-C,Imran Khan,Cox's Bazar[Terr](C),Territory,12345,Cox's Bazar[Terr](C)@test.com,Cox's Bazar[Terr](C),,,,,
Md. Anisur Rahman,Md. Anisur Rahman,,,,TM-C,Imran Khan,Teknaf[Terr](C),Territory,12345,Teknaf[Terr](C)@test.com,Teknaf[Terr](C),,,,,
Md. Abu Sadek,Md. Abu Sadek,,,,ZSO-C,Imran Khan,Chokoria[Terr](C),Territory,12345,Chokoria[Terr](C)@test.com,Chokoria[Terr](C),,,,,
Md. Ariful Islam(Agrabad[Terr](C)),Md. Ariful Islam(Agrabad[Terr](C)),,,,TM-C,Md. Omar Faruque,Agrabad[Terr](C),Territory,12345,Agrabad[Terr](C)@test.com,Agrabad[Terr](C),,,,,
Md.Habibur Rahman,Md.Habibur Rahman,,,,TM-C,Md. Omar Faruque,Potenga[Terr](C),Territory,12345,Potenga[Terr](C)@test.com,Potenga[Terr](C),,,,,
Md. Abul Kalam Faruk,Md. Abul Kalam Faruk,,,,ZSO-C,Md. Omar Faruque,Pahartoli[Terr](C),Territory,12345,Pahartoli[Terr](C)@test.com,Pahartoli[Terr](C),,,,,
Md.Moniruzzaman,Md.Moniruzzaman,,,,TM-C,Md. Omar Faruque,Shitakundo[Terr](C),Territory,12345,Shitakundo[Terr](C)@test.com,Shitakundo[Terr](C),,,,,
Md. Jahangir Hossain,Md. Jahangir Hossain,,,,Act.TM-C,Blank(Hathazari[Reg](C)),Hathazari[Terr](C),Territory,12345,Hathazari[Terr](C)@test.com,Hathazari[Terr](C),,,,,
Md. Sharif Uddin,Md. Sharif Uddin,,,,ZSO-C,Blank(Hathazari[Reg](C)),Fatikchori[Terr](C),Territory,12345,Fatikchori[Terr](C)@test.com,Fatikchori[Terr](C),,,,,
Md. Jahangir Hossain(Khagrachori[Terr](C)),Md. Jahangir Hossain(Khagrachori[Terr](C)),,,,TM-C,Blank(Hathazari[Reg](C)),Khagrachori[Terr](C),Territory,12345,Khagrachori[Terr](C)@test.com,Khagrachori[Terr](C),,,,,
Blank(Direct Party[Terr](C)),Blank(Direct Party[Terr](C)),,,,Blank,Blank(Direct Party[Reg](C)),Direct Party[Terr](C),Territory,12345,Direct Party[Terr](C)@test.com,Direct Party[Terr](C),,,,,
Md. Mohammad Ullh,Md. Mohammad Ullh,,,,ZSO-C,Rakibul Islam,Chowmohoni[Terr](C),Territory,12345,Chowmohoni[Terr](C)@test.com,Chowmohoni[Terr](C),,,,,
Belal Hossain,Belal Hossain,,,,ZSO-C,Rakibul Islam,Senbag[Terr](C),Territory,12345,Senbag[Terr](C)@test.com,Senbag[Terr](C),,,,,
Ali Mortoza,Ali Mortoza,,,,TM-C,Rakibul Islam,Maijdee[Terr](C),Territory,12345,Maijdee[Terr](C)@test.com,Maijdee[Terr](C),,,,,
Belal Hosan Bhuiyan,Belal Hosan Bhuiyan,,,,TM-C,Rakibul Islam,Laxmipur[Terr](C),Territory,12345,Laxmipur[Terr](C)@test.com,Laxmipur[Terr](C),,,,,
Belal Hosen,Belal Hosen,,,,TM-C,Rakibul Islam,Raypur[Terr](C),Territory,12345,Raypur[Terr](C)@test.com,Raypur[Terr](C),,,,,
Akter Hossain,Akter Hossain,,,,TM-C,Rakibul Islam,Sonaimuri[Terr](C),Territory,12345,Sonaimuri[Terr](C)@test.com,Sonaimuri[Terr](C),,,,,
Sazzad Hossain,Sazzad Hossain,,,,ZSO-C,Md.Abul Kalam Azad,Feni[Terr](C),Territory,12345,Feni[Terr](C)@test.com,Feni[Terr](C),,,,,
Ariful Hoque,Ariful Hoque,,,,ZSO-C,Md.Abul Kalam Azad,Baroiarhat[Terr](C),Territory,12345,Baroiarhat[Terr](C)@test.com,Baroiarhat[Terr](C),,,,,
Md. Harun or Rashid,Md. Harun or Rashid,,,,TM-C,Md.Abul Kalam Azad,Dagon Bhuiyan[Terr](C),Territory,12345,Dagon Bhuiyan[Terr](C)@test.com,Dagon Bhuiyan[Terr](C),,,,,
Md. Rabiul Hossain,Md. Rabiul Hossain,,,,TM-C,Shariful Alam Sarkar,Comilla[Terr](C),Territory,12345,Comilla[Terr](C)@test.com,Comilla[Terr](C),,,,,
Abdur Rahim,Abdur Rahim,,,,TM-C,Shariful Alam Sarkar,Choddogram[Terr](C),Territory,12345,Choddogram[Terr](C)@test.com,Choddogram[Terr](C),,,,,
Md. Moshiur Rahman(Laksham[Terr](C)),Md. Moshiur Rahman(Laksham[Terr](C)),,,,TM-C,Shariful Alam Sarkar,Laksham[Terr](C),Territory,12345,Laksham[Terr](C)@test.com,Laksham[Terr](C),,,,,
Lutfor Rahman,Lutfor Rahman,,,,TM-C,Shariful Alam Sarkar,Chandina [Terr](C),Territory,12345,Chandina [Terr](C)@test.com,Chandina [Terr](C),,,,,
Md. Fariduzzaman,Md. Fariduzzaman,,,,ZSO-C,Arup Kumar Das,Chandpur[Terr](C),Territory,12345,Chandpur[Terr](C)@test.com,Chandpur[Terr](C),,,,,
Saiduzzaman Gazi,Saiduzzaman Gazi,,,,ZSO-C,Arup Kumar Das,Faridgonj[Terr](C),Territory,12345,Faridgonj[Terr](C)@test.com,Faridgonj[Terr](C),,,,,
Emrul Hasan,Emrul Hasan,,,,TM-C,Arup Kumar Das,Hazigonj[Terr](C),Territory,12345,Hazigonj[Terr](C)@test.com,Hazigonj[Terr](C),,,,,
Md. Zakir Hossain,Md. Zakir Hossain,,,,TM-C,Md.Mizan Uddin,B. Baria[Terr](C),Territory,12345,B. Baria[Terr](C)@test.com,B. Baria[Terr](C),,,,,
Md. Amirul Islam,Md. Amirul Islam,,,,TM-C,Md.Mizan Uddin,Companygonj[Terr](C),Territory,12345,Companygonj[Terr](C)@test.com,Companygonj[Terr](C),,,,,
Blank(Nobinagar[Terr](C)),Blank(Nobinagar[Terr](C)),,,,Blank,Md.Mizan Uddin,Nobinagar[Terr](C),Territory,12345,Nobinagar[Terr](C)@test.com,Nobinagar[Terr](C),,,,,
Md. Azad Fakir,Md. Azad Fakir,,,,TM-C,Md.Mizan Uddin,Kosba[Terr](C),Territory,12345,Kosba[Terr](C)@test.com,Kosba[Terr](C),,,,,
Mahabub Haque,Mahabub Haque,,,,TM-C,Md.Mizan Uddin,Sorail[Terr](C),Territory,12345,Sorail[Terr](C)@test.com,Sorail[Terr](C),,,,,
Rittik Nandi,Rittik Nandi,,,,ZSO-C,Md. Hannan Chowdury,Sylhet Metro-1[Terr](C),Territory,12345,Sylhet Metro-1[Terr](C)@test.com,Sylhet Metro-1[Terr](C),,,,,
Blank(Sylhet Metro-2[Terr](C)),Blank(Sylhet Metro-2[Terr](C)),,,,Blank,Md. Hannan Chowdury,Sylhet Metro-2[Terr](C),Territory,12345,Sylhet Metro-2[Terr](C)@test.com,Sylhet Metro-2[Terr](C),,,,,
Blank(Tuker Bazar[Terr](C)),Blank(Tuker Bazar[Terr](C)),,,,Blank,Md. Hannan Chowdury,Tuker Bazar[Terr](C),Territory,12345,Tuker Bazar[Terr](C)@test.com,Tuker Bazar[Terr](C),,,,,
Blank(Jointapur[Terr](C)),Blank(Jointapur[Terr](C)),,,,Blank,Md. Hannan Chowdury,Jointapur[Terr](C),Territory,12345,Jointapur[Terr](C)@test.com,Jointapur[Terr](C),,,,,
Blank(Chattak[Terr](C)),Blank(Chattak[Terr](C)),,,,Blank,Md. Hannan Chowdury,Chattak[Terr](C),Territory,12345,Chattak[Terr](C)@test.com,Chattak[Terr](C),,,,,
Md.Humayan Kobir,Md.Humayan Kobir,,,,ZSO-C,Md. Hannan Chowdury,Sunamgonj[Terr](C),Territory,12345,Sunamgonj[Terr](C)@test.com,Sunamgonj[Terr](C),,,,,
Kamruzzaman,Kamruzzaman,,,,TM-C,Md. Mizanur Rahman(Sylhet South[Reg](C)),South Surma[Terr](C),Territory,12345,South Surma[Terr](C)@test.com,South Surma[Terr](C),,,,,
Md.Shanewaz Hossain,Md.Shanewaz Hossain,,,,ZSO-C,Md. Mizanur Rahman(Sylhet South[Reg](C)),Biswanath[Terr](C),Territory,12345,Biswanath[Terr](C)@test.com,Biswanath[Terr](C),,,,,
Md. Moshiur Rahman(Biani Bazar[Terr](C)),Md. Moshiur Rahman(Biani Bazar[Terr](C)),,,,ZSO-C,Md. Mizanur Rahman(Sylhet South[Reg](C)),Biani Bazar[Terr](C),Territory,12345,Biani Bazar[Terr](C)@test.com,Biani Bazar[Terr](C),,,,,
Robin Adikari,Robin Adikari,,,,TM-C,Md. Monir Hossain(Sreemangal[Reg](C)),Moulovibazar[Terr](C),Territory,12345,Moulovibazar[Terr](C)@test.com,Moulovibazar[Terr](C),,,,,
Blank(Borolekha[Terr](C)),Blank(Borolekha[Terr](C)),,,,Blank,Md. Monir Hossain(Sreemangal[Reg](C)),Borolekha[Terr](C),Territory,12345,Borolekha[Terr](C)@test.com,Borolekha[Terr](C),,,,,
Abu Taleb,Abu Taleb,,,,TM-C,Md. Monir Hossain(Sreemangal[Reg](C)),Hobigonj[Terr](C),Territory,12345,Hobigonj[Terr](C)@test.com,Hobigonj[Terr](C),,,,,
Blank(Nobigonj[Terr](C)),Blank(Nobigonj[Terr](C)),,,,Blank,Md. Monir Hossain(Sreemangal[Reg](C)),Nobigonj[Terr](C),Territory,12345,Nobigonj[Terr](C)@test.com,Nobigonj[Terr](C),,,,,
Md. Abu Syed,Md. Abu Syed,,,,TM-C,Md. Monir Hossain(Sreemangal[Reg](C)),Shayestagonj[Terr](C),Territory,12345,Shayestagonj[Terr](C)@test.com,Shayestagonj[Terr](C),,,,,
Monowar Hosen,Monowar Hosen,,,,TM-C,Toimur Rahman,Rangpur[Terr](C),Territory,12345,Rangpur[Terr](C)@test.com,Rangpur[Terr](C),,,,,
Bazlar Rahman,Bazlar Rahman,,,,TM-C,Toimur Rahman,Kurigram[Terr](C),Territory,12345,Kurigram[Terr](C)@test.com,Kurigram[Terr](C),,,,,
Md.Kamruzzaman,Md.Kamruzzaman,,,,TM-C,Toimur Rahman,Lalmonirhat[Terr](C),Territory,12345,Lalmonirhat[Terr](C)@test.com,Lalmonirhat[Terr](C),,,,,
Kamrul Islam,Kamrul Islam,,,,TM-C,Toimur Rahman,Gaibanda[Terr](C),Territory,12345,Gaibanda[Terr](C)@test.com,Gaibanda[Terr](C),,,,,
Moklesur Rahman(Dinajpur[Terr](C)),Moklesur Rahman(Dinajpur[Terr](C)),,,,TM-C,Blank(Dinajpur[Reg](C)),Dinajpur[Terr](C),Territory,12345,Dinajpur[Terr](C)@test.com,Dinajpur[Terr](C),,,,,
Monirul Islam(Soyedpur[Terr](C)),Monirul Islam(Soyedpur[Terr](C)),,,,TM-C,Blank(Dinajpur[Reg](C)),Soyedpur[Terr](C),Territory,12345,Soyedpur[Terr](C)@test.com,Soyedpur[Terr](C),,,,,
Feroz Khan,Feroz Khan,,,,ZSO-C,Blank(Dinajpur[Reg](C)),Thakurgaon[Terr](C),Territory,12345,Thakurgaon[Terr](C)@test.com,Thakurgaon[Terr](C),,,,,
Blank(Bogra[Terr](C)),Blank(Bogra[Terr](C)),,,,Blank,Md. Faruk Hossain,Bogra[Terr](C),Territory,12345,Bogra[Terr](C)@test.com,Bogra[Terr](C),,,,,
Blank(Noagaon[Terr](C)),Blank(Noagaon[Terr](C)),,,,Blank,Md. Faruk Hossain,Noagaon[Terr](C),Territory,12345,Noagaon[Terr](C)@test.com,Noagaon[Terr](C),,,,,
Blank(Sirajgonj[Terr](C)),Blank(Sirajgonj[Terr](C)),,,,Blank,Md. Faruk Hossain,Sirajgonj[Terr](C),Territory,12345,Sirajgonj[Terr](C)@test.com,Sirajgonj[Terr](C),,,,,
Blank(Rajshahi[Terr](C)),Blank(Rajshahi[Terr](C)),,,,Blank,Md. Iqbal Nobi,Rajshahi[Terr](C),Territory,12345,Rajshahi[Terr](C)@test.com,Rajshahi[Terr](C),,,,,
Blank(Natore[Terr](C)),Blank(Natore[Terr](C)),,,,Blank,Md. Iqbal Nobi,Natore[Terr](C),Territory,12345,Natore[Terr](C)@test.com,Natore[Terr](C),,,,,
Blank(Pabna[Terr](C)),Blank(Pabna[Terr](C)),,,,Blank,Md. Iqbal Nobi,Pabna[Terr](C),Territory,12345,Pabna[Terr](C)@test.com,Pabna[Terr](C),,,,,
Md.Abdul Mannan,Md.Abdul Mannan,,,,TM-C,Md. Abu Tayab,Khulna[Terr](C),Territory,12345,Khulna[Terr](C)@test.com,Khulna[Terr](C),,,,,
Blank(Bagerhat[Terr](C)),Blank(Bagerhat[Terr](C)),,,,Blank,Md. Abu Tayab,Bagerhat[Terr](C),Territory,12345,Bagerhat[Terr](C)@test.com,Bagerhat[Terr](C),,,,,
Blank(Pirojpur[Terr](C)),Blank(Pirojpur[Terr](C)),,,,Blank,Md. Abu Tayab,Pirojpur[Terr](C),Territory,12345,Pirojpur[Terr](C)@test.com,Pirojpur[Terr](C),,,,,
Blank(Satkhira[Terr](C)),Blank(Satkhira[Terr](C)),,,,Blank,Md. Abu Tayab,Satkhira[Terr](C),Territory,12345,Satkhira[Terr](C)@test.com,Satkhira[Terr](C),,,,,
Md. Khairuzzaman,Md. Khairuzzaman,,,,TM-C,Blank(Jessore[Reg](C)),Jessore[Terr](C),Territory,12345,Jessore[Terr](C)@test.com,Jessore[Terr](C),,,,,
Daud Hosen(Jhenaidah[Terr](C)),Daud Hosen(Jhenaidah[Terr](C)),,,,ZSO-C,Blank(Jessore[Reg](C)),Jhenaidah[Terr](C),Territory,12345,Jhenaidah[Terr](C)@test.com,Jhenaidah[Terr](C),,,,,
Blank(Norail[Terr](C)),Blank(Norail[Terr](C)),,,,Blank,Blank(Jessore[Reg](C)),Norail[Terr](C),Territory,12345,Norail[Terr](C)@test.com,Norail[Terr](C),,,,,
Daud Hosen(Kustia[Terr](C)),Daud Hosen(Kustia[Terr](C)),,,,ZSO-C,Blank(Jessore[Reg](C)),Kustia[Terr](C),Territory,12345,Kustia[Terr](C)@test.com,Kustia[Terr](C),,,,,
Blank(Chuadanga[Terr](C)),Blank(Chuadanga[Terr](C)),,,,Blank,Blank(Jessore[Reg](C)),Chuadanga[Terr](C),Territory,12345,Chuadanga[Terr](C)@test.com,Chuadanga[Terr](C),,,,,
Md. Rotan Mia,Md. Rotan Mia,,,,TM-C,Kh. Motiur Rahman,Barishal[Terr](C),Territory,12345,Barishal[Terr](C)@test.com,Barishal[Terr](C),,,,,
Abu Bakker Siddique(Bhola[Terr](C)),Abu Bakker Siddique(Bhola[Terr](C)),,,,ZSO-C,Kh. Motiur Rahman,Bhola[Terr](C),Territory,12345,Bhola[Terr](C)@test.com,Bhola[Terr](C),,,,,
Md. Ozira Rahman,Md. Ozira Rahman,,,,TM-C,Kh. Motiur Rahman,Jhalokathi[Terr](C),Territory,12345,Jhalokathi[Terr](C)@test.com,Jhalokathi[Terr](C),,,,,
Kartik Chandra Ghosh(Torki[Terr](C)),Kartik Chandra Ghosh(Torki[Terr](C)),,,,TM-C,Kh. Motiur Rahman,Torki[Terr](C),Territory,12345,Torki[Terr](C)@test.com,Torki[Terr](C),,,,,
Md. Nasir Uddin,Md. Nasir Uddin,,,,TM-C,Blank(Potuakhali[Reg](C)),Potuakhali[Terr](C),Territory,12345,Potuakhali[Terr](C)@test.com,Potuakhali[Terr](C),,,,,
Blank(Borguna[Terr](C)),Blank(Borguna[Terr](C)),,,,Blank,Blank(Potuakhali[Reg](C)),Borguna[Terr](C),Territory,12345,Borguna[Terr](C)@test.com,Borguna[Terr](C),,,,,
Blank(Motbaria[Terr](C)),Blank(Motbaria[Terr](C)),,,,Blank,Blank(Potuakhali[Reg](C)),Motbaria[Terr](C),Territory,12345,Motbaria[Terr](C)@test.com,Motbaria[Terr](C),,,,,
Md. Rabiul Islam,Md. Rabiul Islam,,,,TM-C,Md. Hemayet Hossain,Faridpur[Terr](C),Territory,12345,Faridpur[Terr](C)@test.com,Faridpur[Terr](C),,,,,
Blank(Rajbari[Terr](C)),Blank(Rajbari[Terr](C)),,,,Blank,Md. Hemayet Hossain,Rajbari[Terr](C),Territory,12345,Rajbari[Terr](C)@test.com,Rajbari[Terr](C),,,,,
Kartik Chandra Ghosh(Madaripur[Terr](C)),Kartik Chandra Ghosh(Madaripur[Terr](C)),,,,Act.TM-C,Md. Hemayet Hossain,Madaripur[Terr](C),Territory,12345,Madaripur[Terr](C)@test.com,Madaripur[Terr](C),,,,,
Utpal Kumar Das,Utpal Kumar Das,,,,TM-C,Md. Hemayet Hossain,Gopalgonj[Terr](C),Territory,12345,Gopalgonj[Terr](C)@test.com,Gopalgonj[Terr](C),,,,,
Blank(Vhanga[Terr](C)),Blank(Vhanga[Terr](C)),,,,Blank,Md. Hemayet Hossain,Vhanga[Terr](C),Territory,12345,Vhanga[Terr](C)@test.com,Vhanga[Terr](C),,,,,
